date,year,month,district,latitude,longitude,rainfall_mm,temperature_mean_c,temperature_max_c,temperature_min_c
2010-01-01,2010,1,Adjumani,3.38,31.78,0.28,29.79,40.91,19.17
2010-02-01,2010,2,Adjumani,3.38,31.78,0.96,29.56,41.42,21.61
2010-03-01,2010,3,Adjumani,3.38,31.78,0.99,29.76,40.66,19.89
2010-04-01,2010,4,Adjumani,3.38,31.78,1.51,29.34,40.07,22.16
2010-05-01,2010,5,Adjumani,3.38,31.78,6.65,25.57,33.83,20.15
2010-06-01,2010,6,Adjumani,3.38,31.78,3.86,25.28,33.72,19.3
2010-07-01,2010,7,Adjumani,3.38,31.78,3.06,24.55,32.64,17.98
2010-08-01,2010,8,Adjumani,3.38,31.78,2.74,25.11,33.82,18.43
2010-09-01,2010,9,Adjumani,3.38,31.78,3.32,25.41,34.47,18.14
2010-10-01,2010,10,Adjumani,3.38,31.78,3.69,26.25,36.34,19.48
2010-11-01,2010,11,Adjumani,3.38,31.78,2.99,27.63,36.31,20.0
2010-12-01,2010,12,Adjumani,3.38,31.78,0.25,28.09,37.53,17.72
2011-01-01,2011,1,Adjumani,3.38,31.78,0.05,29.89,40.07,20.9
2011-02-01,2011,2,Adjumani,3.38,31.78,0.14,30.24,41.66,18.86
2011-03-01,2011,3,Adjumani,3.38,31.78,1.82,29.44,40.91,21.15
2011-04-01,2011,4,Adjumani,3.38,31.78,0.64,29.44,40.26,21.52
2011-05-01,2011,5,Adjumani,3.38,31.78,5.16,26.64,38.02,19.19
2011-06-01,2011,6,Adjumani,3.38,31.78,2.94,25.02,34.07,18.87
2011-07-01,2011,7,Adjumani,3.38,31.78,2.3,25.78,35.17,19.03
2011-08-01,2011,8,Adjumani,3.38,31.78,7.31,24.04,32.84,17.47
2011-09-01,2011,9,Adjumani,3.38,31.78,5.31,23.62,31.21,18.14
2011-10-01,2011,10,Adjumani,3.38,31.78,5.02,24.48,32.33,18.74
2011-11-01,2011,11,Adjumani,3.38,31.78,5.49,24.13,31.18,17.32
2011-12-01,2011,12,Adjumani,3.38,31.78,0.39,27.12,37.25,16.08
2012-01-01,2012,1,Adjumani,3.38,31.78,0.0,28.47,40.17,17.39
2012-02-01,2012,2,Adjumani,3.38,31.78,0.03,30.14,40.9,18.6
2012-03-01,2012,3,Adjumani,3.38,31.78,0.2,30.91,41.84,20.23
2012-04-01,2012,4,Adjumani,3.38,31.78,3.41,27.44,37.93,19.9
2012-05-01,2012,5,Adjumani,3.38,31.78,3.65,25.56,34.33,18.98
2012-06-01,2012,6,Adjumani,3.38,31.78,2.48,25.12,34.23,17.97
2012-07-01,2012,7,Adjumani,3.38,31.78,5.83,23.21,29.47,17.44
2012-08-01,2012,8,Adjumani,3.38,31.78,5.92,23.1,29.54,17.97
2012-09-01,2012,9,Adjumani,3.38,31.78,8.45,23.32,30.28,18.19
2012-10-01,2012,10,Adjumani,3.38,31.78,6.88,24.48,31.78,18.76
2012-11-01,2012,11,Adjumani,3.38,31.78,2.83,24.05,31.45,18.89
2012-12-01,2012,12,Adjumani,3.38,31.78,2.33,25.14,33.57,17.57
2013-01-01,2013,1,Adjumani,3.38,31.78,0.2,28.11,38.58,18.54
2013-02-01,2013,2,Adjumani,3.38,31.78,0.24,29.9,41.45,18.48
2013-03-01,2013,3,Adjumani,3.38,31.78,1.92,29.6,40.24,20.83
2013-04-01,2013,4,Adjumani,3.38,31.78,4.56,26.42,35.94,19.95
2013-05-01,2013,5,Adjumani,3.38,31.78,5.0,25.05,33.51,19.47
2013-06-01,2013,6,Adjumani,3.38,31.78,4.39,24.51,32.54,18.53
2013-07-01,2013,7,Adjumani,3.38,31.78,4.99,23.11,29.02,17.82
2013-08-01,2013,8,Adjumani,3.38,31.78,5.65,23.03,30.09,17.68
2013-09-01,2013,9,Adjumani,3.38,31.78,7.09,23.78,30.51,18.09
2013-10-01,2013,10,Adjumani,3.38,31.78,6.6,23.89,31.78,17.87
2013-11-01,2013,11,Adjumani,3.38,31.78,3.34,24.34,32.48,16.75
2013-12-01,2013,12,Adjumani,3.38,31.78,0.84,26.16,37.08,15.36
2014-01-01,2014,1,Adjumani,3.38,31.78,0.27,29.18,40.67,18.14
2014-02-01,2014,2,Adjumani,3.38,31.78,0.14,30.2,41.46,17.96
2014-03-01,2014,3,Adjumani,3.38,31.78,1.44,29.86,41.28,20.15
2014-04-01,2014,4,Adjumani,3.38,31.78,3.42,27.86,38.76,20.67
2014-05-01,2014,5,Adjumani,3.38,31.78,8.39,24.78,33.73,19.69
2014-06-01,2014,6,Adjumani,3.38,31.78,6.47,23.73,29.81,18.41
2014-07-01,2014,7,Adjumani,3.38,31.78,6.57,23.4,29.49,17.61
2014-08-01,2014,8,Adjumani,3.38,31.78,5.4,23.01,28.97,17.97
2014-09-01,2014,9,Adjumani,3.38,31.78,7.88,23.59,30.0,18.58
2014-10-01,2014,10,Adjumani,3.38,31.78,8.28,23.82,30.5,19.04
2014-11-01,2014,11,Adjumani,3.38,31.78,2.85,23.62,31.04,17.32
2014-12-01,2014,12,Adjumani,3.38,31.78,1.19,25.07,33.72,16.56
2015-01-01,2015,1,Adjumani,3.38,31.78,0.01,25.55,39.01,14.54
2015-02-01,2015,2,Adjumani,3.38,31.78,0.31,30.23,40.64,20.18
2015-03-01,2015,3,Adjumani,3.38,31.78,1.66,30.37,42.3,19.74
2015-04-01,2015,4,Adjumani,3.38,31.78,5.84,25.23,34.0,19.33
2015-05-01,2015,5,Adjumani,3.38,31.78,8.37,24.42,29.92,18.73
2015-06-01,2015,6,Adjumani,3.38,31.78,7.53,23.82,29.3,18.31
2015-07-01,2015,7,Adjumani,3.38,31.78,5.42,23.75,30.29,17.37
2015-08-01,2015,8,Adjumani,3.38,31.78,3.69,24.07,30.72,18.6
2015-09-01,2015,9,Adjumani,3.38,31.78,2.65,25.23,34.61,18.73
2015-10-01,2015,10,Adjumani,3.38,31.78,9.88,25.43,35.23,19.14
2015-11-01,2015,11,Adjumani,3.38,31.78,7.52,23.78,30.1,18.44
2015-12-01,2015,12,Adjumani,3.38,31.78,1.53,23.6,32.97,14.65
2016-01-01,2016,1,Adjumani,3.38,31.78,0.12,26.61,36.47,16.51
2016-02-01,2016,2,Adjumani,3.38,31.78,0.01,30.42,41.48,19.03
2016-03-01,2016,3,Adjumani,3.38,31.78,1.51,30.98,42.24,21.84
2016-04-01,2016,4,Adjumani,3.38,31.78,4.47,27.54,38.73,20.52
2016-05-01,2016,5,Adjumani,3.38,31.78,3.65,24.95,32.44,19.29
2016-06-01,2016,6,Adjumani,3.38,31.78,3.83,25.42,35.49,18.56
2016-07-01,2016,7,Adjumani,3.38,31.78,2.18,24.87,33.01,19.31
2016-08-01,2016,8,Adjumani,3.38,31.78,9.87,25.2,34.27,18.59
2016-09-01,2016,9,Adjumani,3.38,31.78,5.8,24.41,32.09,17.93
2016-10-01,2016,10,Adjumani,3.38,31.78,5.51,24.29,31.29,18.96
2016-11-01,2016,11,Adjumani,3.38,31.78,1.93,25.67,35.4,18.22
2016-12-01,2016,12,Adjumani,3.38,31.78,0.09,28.64,38.47,18.45
2017-01-01,2017,1,Adjumani,3.38,31.78,0.13,29.47,40.5,18.03
2017-02-01,2017,2,Adjumani,3.38,31.78,0.97,30.42,41.22,21.51
2017-03-01,2017,3,Adjumani,3.38,31.78,4.0,29.05,41.09,20.18
2017-04-01,2017,4,Adjumani,3.38,31.78,5.07,27.63,39.61,19.31
2017-05-01,2017,5,Adjumani,3.38,31.78,5.09,24.83,31.19,19.09
2017-06-01,2017,6,Adjumani,3.38,31.78,4.18,24.67,30.59,19.23
2017-07-01,2017,7,Adjumani,3.38,31.78,6.13,23.38,30.22,17.64
2017-08-01,2017,8,Adjumani,3.38,31.78,8.66,23.59,30.22,17.87
2017-09-01,2017,9,Adjumani,3.38,31.78,5.09,23.65,30.33,18.49
2017-10-01,2017,10,Adjumani,3.38,31.78,10.19,24.44,31.5,19.26
2017-11-01,2017,11,Adjumani,3.38,31.78,8.25,23.61,30.46,15.74
2017-12-01,2017,12,Adjumani,3.38,31.78,0.04,25.36,35.88,13.7
2018-01-01,2018,1,Adjumani,3.38,31.78,0.0,26.86,37.47,15.12
2018-02-01,2018,2,Adjumani,3.38,31.78,0.58,30.61,41.07,20.38
2018-03-01,2018,3,Adjumani,3.38,31.78,2.44,28.0,38.25,19.61
2018-04-01,2018,4,Adjumani,3.38,31.78,12.22,25.64,36.19,19.2
2018-05-01,2018,5,Adjumani,3.38,31.78,6.12,23.96,30.34,18.78
2018-06-01,2018,6,Adjumani,3.38,31.78,3.44,23.14,29.31,17.59
2018-07-01,2018,7,Adjumani,3.38,31.78,0.29,23.89,32.39,15.92
2018-08-01,2018,8,Adjumani,3.38,31.78,2.98,25.63,35.1,19.01
2018-09-01,2018,9,Adjumani,3.38,31.78,6.61,26.85,37.07,19.96
2018-10-01,2018,10,Adjumani,3.38,31.78,3.41,24.93,34.36,18.4
2018-11-01,2018,11,Adjumani,3.38,31.78,1.75,26.6,36.76,17.97
2018-12-01,2018,12,Adjumani,3.38,31.78,0.69,27.61,38.52,19.47
2019-01-01,2019,1,Adjumani,3.38,31.78,0.01,30.61,41.46,19.89
2019-02-01,2019,2,Adjumani,3.38,31.78,0.65,31.24,41.87,20.48
2019-03-01,2019,3,Adjumani,3.38,31.78,0.68,31.15,42.01,20.81
2019-04-01,2019,4,Adjumani,3.38,31.78,2.78,29.45,41.99,20.2
2019-05-01,2019,5,Adjumani,3.38,31.78,3.06,27.16,36.26,20.1
2019-06-01,2019,6,Adjumani,3.38,31.78,8.21,23.94,31.41,18.67
2019-07-01,2019,7,Adjumani,3.38,31.78,6.34,23.54,29.39,18.74
2019-08-01,2019,8,Adjumani,3.38,31.78,5.15,23.41,29.67,18.34
2019-09-01,2019,9,Adjumani,3.38,31.78,3.52,24.28,30.66,18.31
2019-10-01,2019,10,Adjumani,3.38,31.78,10.31,23.91,29.74,17.83
2019-11-01,2019,11,Adjumani,3.38,31.78,2.32,23.94,30.18,18.81
2019-12-01,2019,12,Adjumani,3.38,31.78,4.05,23.98,31.89,16.44
2020-01-01,2020,1,Adjumani,3.38,31.78,0.47,25.76,36.29,15.46
2020-02-01,2020,2,Adjumani,3.38,31.78,0.35,28.96,38.85,19.83
2020-03-01,2020,3,Adjumani,3.38,31.78,4.25,27.43,39.39,19.09
2020-04-01,2020,4,Adjumani,3.38,31.78,5.07,26.48,36.54,20.18
2020-05-01,2020,5,Adjumani,3.38,31.78,6.75,24.42,29.99,18.61
2020-06-01,2020,6,Adjumani,3.38,31.78,6.37,23.49,29.18,18.05
2020-07-01,2020,7,Adjumani,3.38,31.78,9.59,22.47,28.79,16.0
2020-08-01,2020,8,Adjumani,3.38,31.78,5.12,23.29,29.46,18.09
2020-09-01,2020,9,Adjumani,3.38,31.78,4.64,23.9,29.97,18.76
2020-10-01,2020,10,Adjumani,3.38,31.78,11.98,23.97,29.62,18.99
2020-11-01,2020,11,Adjumani,3.38,31.78,5.27,23.89,30.03,16.66
2020-12-01,2020,12,Adjumani,3.38,31.78,25.28,23.81,31.2,16.1
2021-01-01,2021,1,Adjumani,3.38,31.78,3.06,24.31,33.23,15.82
2021-02-01,2021,2,Adjumani,3.38,31.78,0.04,26.72,37.09,16.11
2021-03-01,2021,3,Adjumani,3.38,31.78,0.35,29.37,39.34,20.33
2021-04-01,2021,4,Adjumani,3.38,31.78,3.19,27.25,38.43,20.32
2021-05-01,2021,5,Adjumani,3.38,31.78,5.49,25.65,35.76,18.61
2021-06-01,2021,6,Adjumani,3.38,31.78,5.63,25.4,34.09,18.91
2021-07-01,2021,7,Adjumani,3.38,31.78,2.43,23.85,33.94,18.18
2021-08-01,2021,8,Adjumani,3.38,31.78,1.77,25.73,34.46,18.84
2021-09-01,2021,9,Adjumani,3.38,31.78,3.56,25.32,33.73,18.95
2021-10-01,2021,10,Adjumani,3.38,31.78,3.39,26.34,35.97,19.29
2021-11-01,2021,11,Adjumani,3.38,31.78,3.38,26.55,36.47,19.71
2021-12-01,2021,12,Adjumani,3.38,31.78,2.07,27.57,36.8,15.84
2022-01-01,2022,1,Adjumani,3.38,31.78,1.0,27.91,38.47,18.49
2022-02-01,2022,2,Adjumani,3.38,31.78,0.23,29.62,39.4,19.19
2022-03-01,2022,3,Adjumani,3.38,31.78,0.86,30.16,41.25,20.96
2022-04-01,2022,4,Adjumani,3.38,31.78,1.91,28.75,39.79,20.91
2022-05-01,2022,5,Adjumani,3.38,31.78,4.53,27.32,37.04,18.8
2022-06-01,2022,6,Adjumani,3.38,31.78,1.83,25.8,34.6,17.99
2022-07-01,2022,7,Adjumani,3.38,31.78,3.66,25.58,33.84,18.59
2022-08-01,2022,8,Adjumani,3.38,31.78,4.51,23.69,32.35,17.48
2022-09-01,2022,9,Adjumani,3.38,31.78,8.37,23.95,30.12,18.25
2022-10-01,2022,10,Adjumani,3.38,31.78,5.18,24.34,32.46,17.76
2022-11-01,2022,11,Adjumani,3.38,31.78,5.16,24.52,30.89,19.14
2022-12-01,2022,12,Adjumani,3.38,31.78,1.22,25.84,36.47,17.77
2023-01-01,2023,1,Adjumani,3.38,31.78,0.03,28.31,39.21,18.11
2023-02-01,2023,2,Adjumani,3.38,31.78,0.14,30.68,41.65,19.48
2023-03-01,2023,3,Adjumani,3.38,31.78,4.44,28.19,41.88,18.84
2023-04-01,2023,4,Adjumani,3.38,31.78,3.93,26.9,37.45,20.01
2023-05-01,2023,5,Adjumani,3.38,31.78,3.41,26.39,34.71,19.53
2023-06-01,2023,6,Adjumani,3.38,31.78,2.78,26.1,35.2,19.53
2023-07-01,2023,7,Adjumani,3.38,31.78,3.6,25.81,34.68,19.2
2023-08-01,2023,8,Adjumani,3.38,31.78,1.88,26.81,37.51,19.75
2023-09-01,2023,9,Adjumani,3.38,31.78,7.43,26.33,37.15,19.75
2023-10-01,2023,10,Adjumani,3.38,31.78,6.64,25.47,32.76,19.7
2023-11-01,2023,11,Adjumani,3.38,31.78,10.32,24.86,30.34,17.85
2023-12-01,2023,12,Adjumani,3.38,31.78,0.3,25.77,34.15,16.55
2024-01-01,2024,1,Adjumani,3.38,31.78,0.23,27.81,37.66,19.23
2024-02-01,2024,2,Adjumani,3.38,31.78,1.68,29.55,40.18,20.9
2024-03-01,2024,3,Adjumani,3.38,31.78,1.42,31.25,41.8,21.54
2024-04-01,2024,4,Adjumani,3.38,31.78,2.03,28.57,38.08,21.04
2024-05-01,2024,5,Adjumani,3.38,31.78,1.86,28.64,37.86,21.02
2024-06-01,2024,6,Adjumani,3.38,31.78,8.49,25.29,35.55,18.44
2024-07-01,2024,7,Adjumani,3.38,31.78,6.61,24.34,33.46,18.37
2024-08-01,2024,8,Adjumani,3.38,31.78,8.12,24.07,30.3,18.97
2024-09-01,2024,9,Adjumani,3.38,31.78,5.08,24.55,30.36,19.26
2024-10-01,2024,10,Adjumani,3.38,31.78,8.24,24.8,31.27,19.07
2024-11-01,2024,11,Adjumani,3.38,31.78,5.63,23.94,30.76,17.57
2024-12-01,2024,12,Adjumani,3.38,31.78,1.9,25.74,34.91,16.69
2010-01-01,2010,1,Arua,3.02,30.91,0.47,26.06,37.27,15.05
2010-02-01,2010,2,Arua,3.02,30.91,1.76,25.72,37.54,18.48
2010-03-01,2010,3,Arua,3.02,30.91,2.06,25.38,35.99,16.8
2010-04-01,2010,4,Arua,3.02,30.91,1.78,25.14,34.99,18.85
2010-05-01,2010,5,Arua,3.02,30.91,5.92,22.61,30.9,17.57
2010-06-01,2010,6,Arua,3.02,30.91,3.59,22.08,30.25,16.54
2010-07-01,2010,7,Arua,3.02,30.91,2.82,22.01,29.8,16.32
2010-08-01,2010,8,Arua,3.02,30.91,3.26,22.08,31.02,16.03
2010-09-01,2010,9,Arua,3.02,30.91,4.26,21.89,29.18,15.46
2010-10-01,2010,10,Arua,3.02,30.91,3.44,22.21,29.95,16.1
2010-11-01,2010,11,Arua,3.02,30.91,5.13,22.83,30.25,17.15
2010-12-01,2010,12,Arua,3.02,30.91,0.51,23.17,32.59,15.42
2011-01-01,2011,1,Arua,3.02,30.91,0.14,25.18,35.84,16.31
2011-02-01,2011,2,Arua,3.02,30.91,0.29,26.98,37.44,16.97
2011-03-01,2011,3,Arua,3.02,30.91,2.38,25.92,36.63,18.37
2011-04-01,2011,4,Arua,3.02,30.91,1.71,25.3,34.72,17.94
2011-05-01,2011,5,Arua,3.02,30.91,3.98,23.35,34.04,16.96
2011-06-01,2011,6,Arua,3.02,30.91,3.17,22.28,32.32,16.38
2011-07-01,2011,7,Arua,3.02,30.91,2.55,22.56,31.22,16.53
2011-08-01,2011,8,Arua,3.02,30.91,8.68,21.24,30.27,15.51
2011-09-01,2011,9,Arua,3.02,30.91,4.74,21.01,27.64,16.1
2011-10-01,2011,10,Arua,3.02,30.91,9.85,21.27,27.01,16.19
2011-11-01,2011,11,Arua,3.02,30.91,5.32,21.1,26.75,14.69
2011-12-01,2011,12,Arua,3.02,30.91,1.26,22.09,29.51,15.32
2012-01-01,2012,1,Arua,3.02,30.91,0.01,22.9,33.75,13.24
2012-02-01,2012,2,Arua,3.02,30.91,0.28,25.06,35.78,14.94
2012-03-01,2012,3,Arua,3.02,30.91,0.95,26.01,36.93,14.39
2012-04-01,2012,4,Arua,3.02,30.91,3.31,23.76,33.71,16.91
2012-05-01,2012,5,Arua,3.02,30.91,3.48,22.55,31.35,16.74
2012-06-01,2012,6,Arua,3.02,30.91,3.14,21.81,30.72,15.78
2012-07-01,2012,7,Arua,3.02,30.91,5.89,20.78,27.81,16.31
2012-08-01,2012,8,Arua,3.02,30.91,5.76,20.86,27.26,16.53
2012-09-01,2012,9,Arua,3.02,30.91,7.92,20.83,27.36,15.9
2012-10-01,2012,10,Arua,3.02,30.91,9.72,21.45,27.27,16.98
2012-11-01,2012,11,Arua,3.02,30.91,3.79,21.24,27.47,16.73
2012-12-01,2012,12,Arua,3.02,30.91,2.98,21.51,28.01,15.66
2013-01-01,2013,1,Arua,3.02,30.91,0.65,22.99,31.63,15.22
2013-02-01,2013,2,Arua,3.02,30.91,0.76,24.83,35.42,14.11
2013-03-01,2013,3,Arua,3.02,30.91,3.17,24.39,35.46,18.3
2013-04-01,2013,4,Arua,3.02,30.91,5.27,22.75,31.03,17.48
2013-05-01,2013,5,Arua,3.02,30.91,5.74,21.94,28.67,16.05
2013-06-01,2013,6,Arua,3.02,30.91,3.94,21.15,27.85,15.38
2013-07-01,2013,7,Arua,3.02,30.91,5.94,20.59,26.77,15.33
2013-08-01,2013,8,Arua,3.02,30.91,6.07,20.63,27.42,15.63
2013-09-01,2013,9,Arua,3.02,30.91,7.05,21.05,27.21,15.92
2013-10-01,2013,10,Arua,3.02,30.91,6.26,20.97,26.75,15.69
2013-11-01,2013,11,Arua,3.02,30.91,4.67,21.14,27.08,15.33
2013-12-01,2013,12,Arua,3.02,30.91,1.8,21.37,29.48,12.36
2014-01-01,2014,1,Arua,3.02,30.91,0.53,23.29,33.42,15.04
2014-02-01,2014,2,Arua,3.02,30.91,0.81,24.16,35.43,14.15
2014-03-01,2014,3,Arua,3.02,30.91,4.37,24.68,35.58,16.34
2014-04-01,2014,4,Arua,3.02,30.91,7.12,22.69,30.16,17.32
2014-05-01,2014,5,Arua,3.02,30.91,7.88,21.64,27.61,16.53
2014-06-01,2014,6,Arua,3.02,30.91,4.89,21.41,27.1,15.62
2014-07-01,2014,7,Arua,3.02,30.91,5.06,20.87,27.94,15.85
2014-08-01,2014,8,Arua,3.02,30.91,6.75,20.7,26.75,15.75
2014-09-01,2014,9,Arua,3.02,30.91,7.95,20.75,26.91,15.36
2014-10-01,2014,10,Arua,3.02,30.91,9.76,20.82,26.54,16.44
2014-11-01,2014,11,Arua,3.02,30.91,4.69,20.62,25.9,14.83
2014-12-01,2014,12,Arua,3.02,30.91,2.04,21.14,27.59,14.25
2015-01-01,2015,1,Arua,3.02,30.91,0.61,20.79,31.46,11.35
2015-02-01,2015,2,Arua,3.02,30.91,1.46,24.32,32.97,16.5
2015-03-01,2015,3,Arua,3.02,30.91,5.49,24.59,35.43,16.08
2015-04-01,2015,4,Arua,3.02,30.91,4.47,21.99,29.51,16.1
2015-05-01,2015,5,Arua,3.02,30.91,6.11,21.75,27.54,16.1
2015-06-01,2015,6,Arua,3.02,30.91,8.82,21.22,27.07,16.07
2015-07-01,2015,7,Arua,3.02,30.91,3.75,21.22,27.33,15.71
2015-08-01,2015,8,Arua,3.02,30.91,3.12,21.86,28.31,15.72
2015-09-01,2015,9,Arua,3.02,30.91,4.19,21.81,28.52,15.48
2015-10-01,2015,10,Arua,3.02,30.91,13.91,21.55,29.28,16.16
2015-11-01,2015,11,Arua,3.02,30.91,11.24,21.08,26.63,16.13
2015-12-01,2015,12,Arua,3.02,30.91,2.47,20.61,27.72,12.8
2016-01-01,2016,1,Arua,3.02,30.91,0.19,22.04,29.72,12.5
2016-02-01,2016,2,Arua,3.02,30.91,0.1,24.68,33.96,15.22
2016-03-01,2016,3,Arua,3.02,30.91,2.98,25.82,35.72,18.56
2016-04-01,2016,4,Arua,3.02,30.91,5.39,23.15,31.12,17.85
2016-05-01,2016,5,Arua,3.02,30.91,6.14,21.82,27.65,16.82
2016-06-01,2016,6,Arua,3.02,30.91,4.21,21.46,28.68,15.6
2016-07-01,2016,7,Arua,3.02,30.91,7.62,21.14,28.04,16.0
2016-08-01,2016,8,Arua,3.02,30.91,5.38,21.53,27.85,15.79
2016-09-01,2016,9,Arua,3.02,30.91,9.1,21.33,28.06,16.34
2016-10-01,2016,10,Arua,3.02,30.91,6.91,21.1,27.5,16.45
2016-11-01,2016,11,Arua,3.02,30.91,3.51,21.55,27.26,16.32
2016-12-01,2016,12,Arua,3.02,30.91,0.29,22.72,31.18,13.78
2017-01-01,2017,1,Arua,3.02,30.91,0.13,23.71,33.9,13.49
2017-02-01,2017,2,Arua,3.02,30.91,2.94,25.19,35.33,17.65
2017-03-01,2017,3,Arua,3.02,30.91,9.68,23.9,33.87,16.85
2017-04-01,2017,4,Arua,3.02,30.91,11.09,22.84,30.3,17.87
2017-05-01,2017,5,Arua,3.02,30.91,6.52,21.76,27.37,16.96
2017-06-01,2017,6,Arua,3.02,30.91,4.29,21.56,27.51,16.66
2017-07-01,2017,7,Arua,3.02,30.91,9.36,20.46,26.95,15.95
2017-08-01,2017,8,Arua,3.02,30.91,18.51,20.82,26.64,15.81
2017-09-01,2017,9,Arua,3.02,30.91,5.2,20.91,27.53,15.91
2017-10-01,2017,10,Arua,3.02,30.91,6.73,21.31,27.24,16.49
2017-11-01,2017,11,Arua,3.02,30.91,4.31,20.64,26.39,14.27
2017-12-01,2017,12,Arua,3.02,30.91,0.12,21.79,29.38,13.1
2018-01-01,2018,1,Arua,3.02,30.91,0.01,21.53,30.95,13.07
2018-02-01,2018,2,Arua,3.02,30.91,1.35,25.06,35.08,15.4
2018-03-01,2018,3,Arua,3.02,30.91,15.68,22.62,31.89,16.57
2018-04-01,2018,4,Arua,3.02,30.91,11.41,21.45,28.69,15.81
2018-05-01,2018,5,Arua,3.02,30.91,10.25,21.51,27.54,16.43
2018-06-01,2018,6,Arua,3.02,30.91,3.39,20.76,27.22,14.64
2018-07-01,2018,7,Arua,3.02,30.91,2.53,20.92,27.74,13.85
2018-08-01,2018,8,Arua,3.02,30.91,8.58,21.08,27.94,15.7
2018-09-01,2018,9,Arua,3.02,30.91,17.51,21.56,26.91,16.53
2018-10-01,2018,10,Arua,3.02,30.91,6.97,21.28,26.85,15.77
2018-11-01,2018,11,Arua,3.02,30.91,2.35,21.54,28.31,16.2
2018-12-01,2018,12,Arua,3.02,30.91,2.04,22.24,30.34,15.47
2019-01-01,2019,1,Arua,3.02,30.91,0.29,23.88,33.29,14.52
2019-02-01,2019,2,Arua,3.02,30.91,1.77,25.41,34.37,17.22
2019-03-01,2019,3,Arua,3.02,30.91,0.76,26.57,36.93,17.05
2019-04-01,2019,4,Arua,3.02,30.91,4.61,24.87,34.95,17.96
2019-05-01,2019,5,Arua,3.02,30.91,6.97,22.86,30.82,17.23
2019-06-01,2019,6,Arua,3.02,30.91,15.32,21.02,27.02,16.1
2019-07-01,2019,7,Arua,3.02,30.91,5.6,20.81,26.74,15.9
2019-08-01,2019,8,Arua,3.02,30.91,9.38,20.81,26.84,15.87
2019-09-01,2019,9,Arua,3.02,30.91,7.66,21.39,27.25,15.44
2019-10-01,2019,10,Arua,3.02,30.91,8.18,20.88,26.44,16.95
2019-11-01,2019,11,Arua,3.02,30.91,2.71,20.87,26.22,16.25
2019-12-01,2019,12,Arua,3.02,30.91,2.57,20.92,27.41,14.66
2020-01-01,2020,1,Arua,3.02,30.91,0.29,21.59,29.56,13.96
2020-02-01,2020,2,Arua,3.02,30.91,0.42,24.28,33.09,16.85
2020-03-01,2020,3,Arua,3.02,30.91,4.04,23.71,33.41,17.84
2020-04-01,2020,4,Arua,3.02,30.91,4.96,23.02,31.03,17.67
2020-05-01,2020,5,Arua,3.02,30.91,7.13,21.73,27.65,15.81
2020-06-01,2020,6,Arua,3.02,30.91,5.76,21.1,27.23,16.15
2020-07-01,2020,7,Arua,3.02,30.91,8.98,20.53,26.91,15.12
2020-08-01,2020,8,Arua,3.02,30.91,10.18,20.96,27.08,15.59
2020-09-01,2020,9,Arua,3.02,30.91,15.0,21.2,27.09,16.56
2020-10-01,2020,10,Arua,3.02,30.91,9.04,21.05,26.64,16.68
2020-11-01,2020,11,Arua,3.02,30.91,5.61,20.87,26.2,15.86
2020-12-01,2020,12,Arua,3.02,30.91,10.37,20.86,27.43,14.19
2021-01-01,2021,1,Arua,3.02,30.91,3.16,21.35,28.36,14.65
2021-02-01,2021,2,Arua,3.02,30.91,0.09,22.51,31.13,15.0
2021-03-01,2021,3,Arua,3.02,30.91,0.79,24.09,33.51,17.77
2021-04-01,2021,4,Arua,3.02,30.91,3.82,22.97,31.06,17.47
2021-05-01,2021,5,Arua,3.02,30.91,5.78,22.08,29.78,15.56
2021-06-01,2021,6,Arua,3.02,30.91,2.62,21.97,29.58,16.13
2021-07-01,2021,7,Arua,3.02,30.91,3.56,21.3,28.87,16.01
2021-08-01,2021,8,Arua,3.02,30.91,3.93,21.83,29.37,16.03
2021-09-01,2021,9,Arua,3.02,30.91,5.83,21.23,28.48,15.04
2021-10-01,2021,10,Arua,3.02,30.91,7.47,22.03,28.62,16.6
2021-11-01,2021,11,Arua,3.02,30.91,7.14,21.83,28.0,17.01
2021-12-01,2021,12,Arua,3.02,30.91,6.71,22.09,28.78,13.52
2022-01-01,2022,1,Arua,3.02,30.91,1.03,22.58,31.34,13.95
2022-02-01,2022,2,Arua,3.02,30.91,0.21,24.2,33.75,14.84
2022-03-01,2022,3,Arua,3.02,30.91,6.78,25.59,36.4,18.21
2022-04-01,2022,4,Arua,3.02,30.91,4.57,23.47,31.57,17.77
2022-05-01,2022,5,Arua,3.02,30.91,4.0,22.39,29.57,16.16
2022-06-01,2022,6,Arua,3.02,30.91,4.6,21.59,29.36,15.49
2022-07-01,2022,7,Arua,3.02,30.91,6.18,21.62,28.86,15.6
2022-08-01,2022,8,Arua,3.02,30.91,7.52,20.74,27.77,15.16
2022-09-01,2022,9,Arua,3.02,30.91,14.83,20.92,26.87,16.57
2022-10-01,2022,10,Arua,3.02,30.91,7.09,21.12,26.25,16.0
2022-11-01,2022,11,Arua,3.02,30.91,6.4,21.08,26.33,16.3
2022-12-01,2022,12,Arua,3.02,30.91,2.0,21.07,28.37,14.53
2023-01-01,2023,1,Arua,3.02,30.91,0.16,22.57,31.37,14.43
2023-02-01,2023,2,Arua,3.02,30.91,0.53,24.47,34.76,14.37
2023-03-01,2023,3,Arua,3.02,30.91,5.78,23.49,35.8,16.11
2023-04-01,2023,4,Arua,3.02,30.91,3.11,22.99,31.22,17.78
2023-05-01,2023,5,Arua,3.02,30.91,5.27,22.79,30.86,16.84
2023-06-01,2023,6,Arua,3.02,30.91,6.62,21.94,28.9,16.68
2023-07-01,2023,7,Arua,3.02,30.91,2.82,22.11,29.28,15.94
2023-08-01,2023,8,Arua,3.02,30.91,3.61,23.01,31.75,16.67
2023-09-01,2023,9,Arua,3.02,30.91,5.72,22.47,29.95,16.58
2023-10-01,2023,10,Arua,3.02,30.91,9.21,21.91,28.18,17.4
2023-11-01,2023,11,Arua,3.02,30.91,8.47,21.65,27.09,16.96
2023-12-01,2023,12,Arua,3.02,30.91,0.64,22.2,28.57,15.01
2024-01-01,2024,1,Arua,3.02,30.91,0.25,23.08,31.26,15.34
2024-02-01,2024,2,Arua,3.02,30.91,2.58,24.75,33.41,17.57
2024-03-01,2024,3,Arua,3.02,30.91,1.55,26.62,36.54,19.5
2024-04-01,2024,4,Arua,3.02,30.91,2.25,24.72,33.94,18.61
2024-05-01,2024,5,Arua,3.02,30.91,2.25,25.15,34.51,19.02
2024-06-01,2024,6,Arua,3.02,30.91,8.78,22.37,29.01,15.59
2024-07-01,2024,7,Arua,3.02,30.91,6.01,21.79,30.06,16.1
2024-08-01,2024,8,Arua,3.02,30.91,11.07,21.5,27.52,16.55
2024-09-01,2024,9,Arua,3.02,30.91,11.77,21.8,27.76,16.45
2024-10-01,2024,10,Arua,3.02,30.91,13.27,21.71,27.39,17.06
2024-11-01,2024,11,Arua,3.02,30.91,5.11,21.12,26.77,15.9
2024-12-01,2024,12,Arua,3.02,30.91,3.24,21.44,28.14,14.51
2010-01-01,2010,1,Gulu,2.77,32.3,0.77,27.48,38.58,17.63
2010-02-01,2010,2,Gulu,2.77,32.3,1.82,27.58,39.53,20.15
2010-03-01,2010,3,Gulu,2.77,32.3,2.04,27.46,38.79,19.18
2010-04-01,2010,4,Gulu,2.77,32.3,2.17,27.07,38.58,20.01
2010-05-01,2010,5,Gulu,2.77,32.3,4.96,24.44,32.7,19.07
2010-06-01,2010,6,Gulu,2.77,32.3,2.33,24.81,33.89,18.36
2010-07-01,2010,7,Gulu,2.77,32.3,1.77,24.21,33.13,17.5
2010-08-01,2010,8,Gulu,2.77,32.3,2.59,24.48,34.83,17.71
2010-09-01,2010,9,Gulu,2.77,32.3,2.64,24.98,34.89,17.25
2010-10-01,2010,10,Gulu,2.77,32.3,3.93,25.44,35.32,18.15
2010-11-01,2010,11,Gulu,2.77,32.3,2.15,26.65,35.89,18.07
2010-12-01,2010,12,Gulu,2.77,32.3,0.34,27.08,36.51,16.65
2011-01-01,2011,1,Gulu,2.77,32.3,0.06,28.79,38.61,19.15
2011-02-01,2011,2,Gulu,2.77,32.3,0.14,29.13,39.66,18.01
2011-03-01,2011,3,Gulu,2.77,32.3,2.13,28.01,39.64,19.38
2011-04-01,2011,4,Gulu,2.77,32.3,0.78,28.13,39.17,19.61
2011-05-01,2011,5,Gulu,2.77,32.3,3.51,25.74,35.6,18.82
2011-06-01,2011,6,Gulu,2.77,32.3,2.86,24.19,33.96,17.75
2011-07-01,2011,7,Gulu,2.77,32.3,1.58,25.19,33.6,18.06
2011-08-01,2011,8,Gulu,2.77,32.3,5.68,23.37,32.85,16.21
2011-09-01,2011,9,Gulu,2.77,32.3,4.11,23.34,33.39,16.19
2011-10-01,2011,10,Gulu,2.77,32.3,4.47,24.36,33.49,18.28
2011-11-01,2011,11,Gulu,2.77,32.3,6.83,23.11,30.66,17.11
2011-12-01,2011,12,Gulu,2.77,32.3,0.34,25.45,35.52,15.53
2012-01-01,2012,1,Gulu,2.77,32.3,0.0,27.13,37.86,16.02
2012-02-01,2012,2,Gulu,2.77,32.3,0.03,28.58,38.62,17.17
2012-03-01,2012,3,Gulu,2.77,32.3,0.17,29.44,40.15,19.13
2012-04-01,2012,4,Gulu,2.77,32.3,5.03,25.46,36.64,18.42
2012-05-01,2012,5,Gulu,2.77,32.3,3.12,24.21,33.66,18.22
2012-06-01,2012,6,Gulu,2.77,32.3,1.93,23.98,33.74,16.69
2012-07-01,2012,7,Gulu,2.77,32.3,4.23,22.44,29.58,16.97
2012-08-01,2012,8,Gulu,2.77,32.3,5.49,22.04,28.82,16.55
2012-09-01,2012,9,Gulu,2.77,32.3,5.46,22.94,30.82,17.31
2012-10-01,2012,10,Gulu,2.77,32.3,7.43,24.36,33.26,17.57
2012-11-01,2012,11,Gulu,2.77,32.3,3.47,23.24,31.32,16.87
2012-12-01,2012,12,Gulu,2.77,32.3,3.09,24.32,33.2,16.62
2013-01-01,2013,1,Gulu,2.77,32.3,0.32,26.68,37.23,16.83
2013-02-01,2013,2,Gulu,2.77,32.3,0.1,28.4,38.92,17.65
2013-03-01,2013,3,Gulu,2.77,32.3,1.84,28.55,39.52,20.26
2013-04-01,2013,4,Gulu,2.77,32.3,5.15,24.68,32.98,18.42
2013-05-01,2013,5,Gulu,2.77,32.3,5.56,23.93,32.5,18.01
2013-06-01,2013,6,Gulu,2.77,32.3,2.97,23.41,31.67,17.15
2013-07-01,2013,7,Gulu,2.77,32.3,4.0,22.38,29.6,17.03
2013-08-01,2013,8,Gulu,2.77,32.3,4.14,22.6,31.41,17.11
2013-09-01,2013,9,Gulu,2.77,32.3,5.13,23.41,32.57,17.12
2013-10-01,2013,10,Gulu,2.77,32.3,6.32,23.65,32.92,17.28
2013-11-01,2013,11,Gulu,2.77,32.3,3.66,23.59,32.48,16.65
2013-12-01,2013,12,Gulu,2.77,32.3,0.83,25.49,35.9,15.18
2014-01-01,2014,1,Gulu,2.77,32.3,0.19,28.15,39.02,18.63
2014-02-01,2014,2,Gulu,2.77,32.3,0.22,28.89,39.49,17.76
2014-03-01,2014,3,Gulu,2.77,32.3,0.99,28.56,39.93,19.33
2014-04-01,2014,4,Gulu,2.77,32.3,1.29,27.63,37.71,19.66
2014-05-01,2014,5,Gulu,2.77,32.3,8.37,24.42,35.58,19.01
2014-06-01,2014,6,Gulu,2.77,32.3,5.26,23.01,29.86,17.21
2014-07-01,2014,7,Gulu,2.77,32.3,5.42,22.61,30.02,17.35
2014-08-01,2014,8,Gulu,2.77,32.3,4.41,22.17,29.4,17.33
2014-09-01,2014,9,Gulu,2.77,32.3,5.45,23.23,30.95,17.37
2014-10-01,2014,10,Gulu,2.77,32.3,8.29,23.19,30.26,17.63
2014-11-01,2014,11,Gulu,2.77,32.3,2.22,23.35,31.37,16.22
2014-12-01,2014,12,Gulu,2.77,32.3,1.18,25.03,34.4,15.77
2015-01-01,2015,1,Gulu,2.77,32.3,0.01,25.47,37.68,14.08
2015-02-01,2015,2,Gulu,2.77,32.3,0.35,29.21,38.8,18.97
2015-03-01,2015,3,Gulu,2.77,32.3,1.23,29.07,40.82,18.43
2015-04-01,2015,4,Gulu,2.77,32.3,4.85,24.37,33.54,18.36
2015-05-01,2015,5,Gulu,2.77,32.3,7.63,23.75,29.14,18.72
2015-06-01,2015,6,Gulu,2.77,32.3,4.6,22.87,29.33,17.65
2015-07-01,2015,7,Gulu,2.77,32.3,3.31,23.44,31.75,16.55
2015-08-01,2015,8,Gulu,2.77,32.3,3.8,24.23,33.02,17.79
2015-09-01,2015,9,Gulu,2.77,32.3,3.15,25.77,36.18,18.08
2015-10-01,2015,10,Gulu,2.77,32.3,8.75,24.63,34.24,18.18
2015-11-01,2015,11,Gulu,2.77,32.3,6.4,23.04,29.82,17.09
2015-12-01,2015,12,Gulu,2.77,32.3,1.62,23.28,33.13,14.33
2016-01-01,2016,1,Gulu,2.77,32.3,0.2,26.28,35.55,15.68
2016-02-01,2016,2,Gulu,2.77,32.3,0.01,29.19,39.37,17.92
2016-03-01,2016,3,Gulu,2.77,32.3,0.91,30.04,40.4,20.43
2016-04-01,2016,4,Gulu,2.77,32.3,4.47,26.27,37.47,19.05
2016-05-01,2016,5,Gulu,2.77,32.3,4.05,24.09,32.06,18.47
2016-06-01,2016,6,Gulu,2.77,32.3,3.45,24.48,34.46,17.1
2016-07-01,2016,7,Gulu,2.77,32.3,1.62,24.0,32.61,17.89
2016-08-01,2016,8,Gulu,2.77,32.3,4.65,24.47,34.44,16.46
2016-09-01,2016,9,Gulu,2.77,32.3,11.02,24.08,34.09,17.1
2016-10-01,2016,10,Gulu,2.77,32.3,4.51,23.61,30.57,17.58
2016-11-01,2016,11,Gulu,2.77,32.3,1.48,23.99,33.21,16.24
2016-12-01,2016,12,Gulu,2.77,32.3,0.06,26.87,36.46,17.43
2017-01-01,2017,1,Gulu,2.77,32.3,0.33,27.59,38.49,16.33
2017-02-01,2017,2,Gulu,2.77,32.3,1.17,28.84,39.76,19.57
2017-03-01,2017,3,Gulu,2.77,32.3,3.45,27.83,39.76,19.01
2017-04-01,2017,4,Gulu,2.77,32.3,4.15,26.75,38.72,18.27
2017-05-01,2017,5,Gulu,2.77,32.3,5.47,23.82,30.92,18.55
2017-06-01,2017,6,Gulu,2.77,32.3,3.8,23.97,31.15,18.21
2017-07-01,2017,7,Gulu,2.77,32.3,6.38,22.14,29.38,16.81
2017-08-01,2017,8,Gulu,2.77,32.3,8.23,22.65,29.81,17.18
2017-09-01,2017,9,Gulu,2.77,32.3,5.1,22.83,30.05,16.95
2017-10-01,2017,10,Gulu,2.77,32.3,6.37,23.86,31.91,16.55
2017-11-01,2017,11,Gulu,2.77,32.3,3.64,23.1,31.08,14.56
2017-12-01,2017,12,Gulu,2.77,32.3,0.01,25.7,36.32,14.56
2018-01-01,2018,1,Gulu,2.77,32.3,0.0,26.87,37.18,15.84
2018-02-01,2018,2,Gulu,2.77,32.3,0.27,29.27,39.04,18.74
2018-03-01,2018,3,Gulu,2.77,32.3,2.72,26.4,36.73,19.04
2018-04-01,2018,4,Gulu,2.77,32.3,11.63,24.16,35.14,18.3
2018-05-01,2018,5,Gulu,2.77,32.3,6.28,22.98,29.99,17.77
2018-06-01,2018,6,Gulu,2.77,32.3,3.09,22.38,28.53,17.2
2018-07-01,2018,7,Gulu,2.77,32.3,0.58,23.21,31.09,16.06
2018-08-01,2018,8,Gulu,2.77,32.3,2.91,24.2,32.05,18.11
2018-09-01,2018,9,Gulu,2.77,32.3,5.59,25.88,36.27,17.25
2018-10-01,2018,10,Gulu,2.77,32.3,2.56,24.77,33.61,17.83
2018-11-01,2018,11,Gulu,2.77,32.3,1.21,26.37,35.95,18.18
2018-12-01,2018,12,Gulu,2.77,32.3,0.78,26.76,37.16,17.86
2019-01-01,2019,1,Gulu,2.77,32.3,0.1,29.08,39.78,18.57
2019-02-01,2019,2,Gulu,2.77,32.3,0.53,29.95,40.08,19.49
2019-03-01,2019,3,Gulu,2.77,32.3,0.26,30.17,41.12,20.72
2019-04-01,2019,4,Gulu,2.77,32.3,2.96,28.3,40.23,19.18
2019-05-01,2019,5,Gulu,2.77,32.3,3.6,25.67,34.52,19.17
2019-06-01,2019,6,Gulu,2.77,32.3,7.14,22.72,29.66,18.18
2019-07-01,2019,7,Gulu,2.77,32.3,5.11,22.54,29.32,17.69
2019-08-01,2019,8,Gulu,2.77,32.3,7.63,22.72,29.73,17.5
2019-09-01,2019,9,Gulu,2.77,32.3,7.15,23.3,30.32,18.1
2019-10-01,2019,10,Gulu,2.77,32.3,9.27,23.05,29.14,17.58
2019-11-01,2019,11,Gulu,2.77,32.3,2.13,23.21,29.74,17.9
2019-12-01,2019,12,Gulu,2.77,32.3,4.2,22.96,31.07,15.91
2020-01-01,2020,1,Gulu,2.77,32.3,0.72,24.42,33.63,14.98
2020-02-01,2020,2,Gulu,2.77,32.3,0.93,26.95,37.23,17.91
2020-03-01,2020,3,Gulu,2.77,32.3,5.51,25.66,36.63,17.95
2020-04-01,2020,4,Gulu,2.77,32.3,7.06,24.77,34.64,18.7
2020-05-01,2020,5,Gulu,2.77,32.3,5.66,23.41,29.0,17.84
2020-06-01,2020,6,Gulu,2.77,32.3,4.33,22.39,28.17,17.03
2020-07-01,2020,7,Gulu,2.77,32.3,7.39,21.54,27.88,15.45
2020-08-01,2020,8,Gulu,2.77,32.3,6.92,22.25,28.69,17.07
2020-09-01,2020,9,Gulu,2.77,32.3,7.89,22.99,29.63,17.33
2020-10-01,2020,10,Gulu,2.77,32.3,12.79,22.92,29.26,17.79
2020-11-01,2020,11,Gulu,2.77,32.3,2.68,22.83,29.49,16.22
2020-12-01,2020,12,Gulu,2.77,32.3,7.55,22.48,30.93,13.56
2021-01-01,2021,1,Gulu,2.77,32.3,4.97,22.8,31.61,14.5
2021-02-01,2021,2,Gulu,2.77,32.3,0.06,24.81,34.33,15.04
2021-03-01,2021,3,Gulu,2.77,32.3,0.13,27.39,37.05,18.58
2021-04-01,2021,4,Gulu,2.77,32.3,2.75,25.8,36.36,19.28
2021-05-01,2021,5,Gulu,2.77,32.3,9.16,23.91,32.53,17.04
2021-06-01,2021,6,Gulu,2.77,32.3,2.14,24.11,31.7,17.44
2021-07-01,2021,7,Gulu,2.77,32.3,2.05,23.87,33.33,17.56
2021-08-01,2021,8,Gulu,2.77,32.3,1.6,25.37,34.92,18.45
2021-09-01,2021,9,Gulu,2.77,32.3,4.73,24.33,32.96,18.0
2021-10-01,2021,10,Gulu,2.77,32.3,4.23,25.38,35.31,18.44
2021-11-01,2021,11,Gulu,2.77,32.3,2.63,26.18,35.71,18.93
2021-12-01,2021,12,Gulu,2.77,32.3,3.08,26.06,35.74,15.11
2022-01-01,2022,1,Gulu,2.77,32.3,2.7,26.25,37.09,16.01
2022-02-01,2022,2,Gulu,2.77,32.3,0.11,28.01,36.96,18.55
2022-03-01,2022,3,Gulu,2.77,32.3,1.74,28.92,39.91,18.9
2022-04-01,2022,4,Gulu,2.77,32.3,2.31,27.02,37.64,19.38
2022-05-01,2022,5,Gulu,2.77,32.3,3.08,26.03,35.49,18.37
2022-06-01,2022,6,Gulu,2.77,32.3,2.83,24.71,34.53,16.96
2022-07-01,2022,7,Gulu,2.77,32.3,4.35,24.36,32.62,17.87
2022-08-01,2022,8,Gulu,2.77,32.3,6.17,22.42,30.68,16.42
2022-09-01,2022,9,Gulu,2.77,32.3,8.92,23.06,30.16,17.24
2022-10-01,2022,10,Gulu,2.77,32.3,5.57,23.77,31.29,17.37
2022-11-01,2022,11,Gulu,2.77,32.3,2.7,23.91,31.77,17.67
2022-12-01,2022,12,Gulu,2.77,32.3,1.28,25.44,35.3,18.06
2023-01-01,2023,1,Gulu,2.77,32.3,0.05,27.13,37.29,17.45
2023-02-01,2023,2,Gulu,2.77,32.3,0.08,29.25,39.65,19.55
2023-03-01,2023,3,Gulu,2.77,32.3,8.16,26.87,40.42,18.63
2023-04-01,2023,4,Gulu,2.77,32.3,6.13,25.18,35.24,18.6
2023-05-01,2023,5,Gulu,2.77,32.3,3.65,24.43,31.55,17.49
2023-06-01,2023,6,Gulu,2.77,32.3,5.17,23.77,32.14,18.31
2023-07-01,2023,7,Gulu,2.77,32.3,3.64,23.85,31.8,16.91
2023-08-01,2023,8,Gulu,2.77,32.3,2.67,25.34,35.7,17.58
2023-09-01,2023,9,Gulu,2.77,32.3,6.45,25.09,34.42,19.13
2023-10-01,2023,10,Gulu,2.77,32.3,7.83,24.87,32.93,18.84
2023-11-01,2023,11,Gulu,2.77,32.3,8.55,23.84,30.6,16.63
2023-12-01,2023,12,Gulu,2.77,32.3,0.78,24.98,33.96,15.96
2024-01-01,2024,1,Gulu,2.77,32.3,1.08,26.57,36.75,18.46
2024-02-01,2024,2,Gulu,2.77,32.3,3.33,27.74,37.43,19.62
2024-03-01,2024,3,Gulu,2.77,32.3,2.18,28.55,39.46,19.8
2024-04-01,2024,4,Gulu,2.77,32.3,3.8,26.15,35.18,19.61
2024-05-01,2024,5,Gulu,2.77,32.3,3.24,26.1,34.48,18.97
2024-06-01,2024,6,Gulu,2.77,32.3,7.36,23.92,32.46,17.41
2024-07-01,2024,7,Gulu,2.77,32.3,6.12,23.21,31.11,17.82
2024-08-01,2024,8,Gulu,2.77,32.3,4.39,23.38,31.32,17.87
2024-09-01,2024,9,Gulu,2.77,32.3,6.98,24.1,30.68,18.28
2024-10-01,2024,10,Gulu,2.77,32.3,9.54,24.09,31.46,18.01
2024-11-01,2024,11,Gulu,2.77,32.3,3.33,23.46,31.37,17.01
2024-12-01,2024,12,Gulu,2.77,32.3,0.76,25.02,34.19,15.42
2010-01-01,2010,1,Lira,2.25,32.54,0.93,26.61,37.94,16.62
2010-02-01,2010,2,Lira,2.25,32.54,2.29,26.68,38.65,19.12
2010-03-01,2010,3,Lira,2.25,32.54,2.47,26.18,37.69,18.39
2010-04-01,2010,4,Lira,2.25,32.54,3.19,25.51,36.52,19.04
2010-05-01,2010,5,Lira,2.25,32.54,4.28,23.43,29.9,18.37
2010-06-01,2010,6,Lira,2.25,32.54,1.81,24.26,32.77,18.05
2010-07-01,2010,7,Lira,2.25,32.54,1.59,23.95,32.99,17.23
2010-08-01,2010,8,Lira,2.25,32.54,2.92,23.66,33.72,17.41
2010-09-01,2010,9,Lira,2.25,32.54,3.25,23.78,33.44,16.36
2010-10-01,2010,10,Lira,2.25,32.54,3.92,24.32,33.87,17.35
2010-11-01,2010,11,Lira,2.25,32.54,3.05,25.35,34.39,17.15
2010-12-01,2010,12,Lira,2.25,32.54,0.79,25.94,35.64,15.84
2011-01-01,2011,1,Lira,2.25,32.54,0.2,27.66,37.52,18.3
2011-02-01,2011,2,Lira,2.25,32.54,0.22,28.09,38.63,16.83
2011-03-01,2011,3,Lira,2.25,32.54,2.41,26.82,38.66,18.35
2011-04-01,2011,4,Lira,2.25,32.54,1.19,26.93,37.89,19.01
2011-05-01,2011,5,Lira,2.25,32.54,3.23,24.47,33.18,18.23
2011-06-01,2011,6,Lira,2.25,32.54,3.29,23.38,32.4,16.95
2011-07-01,2011,7,Lira,2.25,32.54,1.57,24.51,33.09,17.54
2011-08-01,2011,8,Lira,2.25,32.54,5.53,22.61,30.96,15.98
2011-09-01,2011,9,Lira,2.25,32.54,3.69,22.76,32.85,15.95
2011-10-01,2011,10,Lira,2.25,32.54,4.77,23.5,32.45,17.19
2011-11-01,2011,11,Lira,2.25,32.54,6.07,22.48,30.21,16.75
2011-12-01,2011,12,Lira,2.25,32.54,0.47,24.9,35.01,15.12
2012-01-01,2012,1,Lira,2.25,32.54,0.01,26.49,36.98,15.55
2012-02-01,2012,2,Lira,2.25,32.54,0.21,27.48,37.67,16.12
2012-03-01,2012,3,Lira,2.25,32.54,0.43,28.35,38.7,17.95
2012-04-01,2012,4,Lira,2.25,32.54,4.56,24.41,35.54,18.01
2012-05-01,2012,5,Lira,2.25,32.54,3.3,23.34,32.5,17.85
2012-06-01,2012,6,Lira,2.25,32.54,1.99,23.27,33.09,17.33
2012-07-01,2012,7,Lira,2.25,32.54,3.63,22.29,29.69,16.48
2012-08-01,2012,8,Lira,2.25,32.54,4.81,21.68,28.03,15.73
2012-09-01,2012,9,Lira,2.25,32.54,5.11,22.52,30.39,16.64
2012-10-01,2012,10,Lira,2.25,32.54,5.77,23.99,33.12,17.53
2012-11-01,2012,11,Lira,2.25,32.54,3.72,22.87,31.77,16.48
2012-12-01,2012,12,Lira,2.25,32.54,3.05,23.99,33.0,16.31
2013-01-01,2013,1,Lira,2.25,32.54,0.52,25.99,36.46,16.5
2013-02-01,2013,2,Lira,2.25,32.54,0.17,27.67,38.08,17.09
2013-03-01,2013,3,Lira,2.25,32.54,1.95,27.24,38.55,19.22
2013-04-01,2013,4,Lira,2.25,32.54,4.59,23.63,31.16,17.36
2013-05-01,2013,5,Lira,2.25,32.54,5.16,23.37,32.17,17.59
2013-06-01,2013,6,Lira,2.25,32.54,2.0,23.16,31.99,17.0
2013-07-01,2013,7,Lira,2.25,32.54,2.93,22.36,29.52,15.94
2013-08-01,2013,8,Lira,2.25,32.54,3.44,22.38,31.48,16.64
2013-09-01,2013,9,Lira,2.25,32.54,5.44,22.87,32.25,16.64
2013-10-01,2013,10,Lira,2.25,32.54,4.35,23.09,32.26,16.51
2013-11-01,2013,11,Lira,2.25,32.54,3.32,23.27,32.59,15.88
2013-12-01,2013,12,Lira,2.25,32.54,1.14,25.02,35.24,14.93
2014-01-01,2014,1,Lira,2.25,32.54,0.35,27.4,37.95,17.81
2014-02-01,2014,2,Lira,2.25,32.54,0.36,27.66,38.16,17.03
2014-03-01,2014,3,Lira,2.25,32.54,1.24,27.49,38.85,18.67
2014-04-01,2014,4,Lira,2.25,32.54,0.84,26.52,36.49,18.69
2014-05-01,2014,5,Lira,2.25,32.54,6.85,23.59,33.12,18.42
2014-06-01,2014,6,Lira,2.25,32.54,3.86,22.84,29.83,17.36
2014-07-01,2014,7,Lira,2.25,32.54,3.74,22.83,32.37,17.05
2014-08-01,2014,8,Lira,2.25,32.54,3.35,22.15,29.99,16.79
2014-09-01,2014,9,Lira,2.25,32.54,5.42,22.92,31.37,17.09
2014-10-01,2014,10,Lira,2.25,32.54,7.97,22.51,30.04,17.22
2014-11-01,2014,11,Lira,2.25,32.54,2.2,23.06,31.48,15.95
2014-12-01,2014,12,Lira,2.25,32.54,1.42,24.51,33.65,15.57
2015-01-01,2015,1,Lira,2.25,32.54,0.02,24.77,36.65,13.44
2015-02-01,2015,2,Lira,2.25,32.54,0.49,28.1,37.63,17.95
2015-03-01,2015,3,Lira,2.25,32.54,1.38,27.91,39.49,18.03
2015-04-01,2015,4,Lira,2.25,32.54,4.13,23.39,32.82,17.5
2015-05-01,2015,5,Lira,2.25,32.54,5.46,23.22,29.47,18.47
2015-06-01,2015,6,Lira,2.25,32.54,3.49,22.81,30.03,16.93
2015-07-01,2015,7,Lira,2.25,32.54,2.19,23.73,33.33,16.98
2015-08-01,2015,8,Lira,2.25,32.54,3.53,24.13,33.16,17.55
2015-09-01,2015,9,Lira,2.25,32.54,2.95,25.06,35.36,17.86
2015-10-01,2015,10,Lira,2.25,32.54,8.3,24.02,34.19,18.03
2015-11-01,2015,11,Lira,2.25,32.54,5.83,22.56,29.92,16.84
2015-12-01,2015,12,Lira,2.25,32.54,2.37,23.08,32.88,14.3
2016-01-01,2016,1,Lira,2.25,32.54,0.43,25.49,35.09,15.17
2016-02-01,2016,2,Lira,2.25,32.54,0.06,28.17,38.45,17.35
2016-03-01,2016,3,Lira,2.25,32.54,1.25,28.86,38.97,18.97
2016-04-01,2016,4,Lira,2.25,32.54,5.11,24.74,34.45,18.55
2016-05-01,2016,5,Lira,2.25,32.54,3.62,23.23,31.47,18.01
2016-06-01,2016,6,Lira,2.25,32.54,3.14,23.61,33.71,16.06
2016-07-01,2016,7,Lira,2.25,32.54,1.52,23.34,31.32,17.58
2016-08-01,2016,8,Lira,2.25,32.54,3.35,24.04,33.66,16.24
2016-09-01,2016,9,Lira,2.25,32.54,8.61,23.47,33.94,16.38
2016-10-01,2016,10,Lira,2.25,32.54,3.44,23.36,31.28,17.31
2016-11-01,2016,11,Lira,2.25,32.54,1.46,24.29,34.07,17.02
2016-12-01,2016,12,Lira,2.25,32.54,0.18,26.64,35.86,17.39
2017-01-01,2017,1,Lira,2.25,32.54,0.56,26.87,37.49,15.99
2017-02-01,2017,2,Lira,2.25,32.54,1.75,27.62,38.51,18.4
2017-03-01,2017,3,Lira,2.25,32.54,3.28,26.64,38.31,17.99
2017-04-01,2017,4,Lira,2.25,32.54,3.88,25.79,37.35,17.88
2017-05-01,2017,5,Lira,2.25,32.54,5.63,23.23,29.88,18.15
2017-06-01,2017,6,Lira,2.25,32.54,3.99,23.31,30.68,17.5
2017-07-01,2017,7,Lira,2.25,32.54,6.22,21.73,28.98,16.1
2017-08-01,2017,8,Lira,2.25,32.54,6.81,22.14,29.15,16.38
2017-09-01,2017,9,Lira,2.25,32.54,4.78,22.27,29.42,15.87
2017-10-01,2017,10,Lira,2.25,32.54,4.28,23.42,31.74,15.89
2017-11-01,2017,11,Lira,2.25,32.54,2.85,23.02,31.72,14.98
2017-12-01,2017,12,Lira,2.25,32.54,0.01,25.51,35.43,15.04
2018-01-01,2018,1,Lira,2.25,32.54,0.07,25.99,36.07,15.84
2018-02-01,2018,2,Lira,2.25,32.54,0.54,28.21,37.9,18.24
2018-03-01,2018,3,Lira,2.25,32.54,2.73,25.09,35.55,18.23
2018-04-01,2018,4,Lira,2.25,32.54,9.27,23.03,33.83,17.77
2018-05-01,2018,5,Lira,2.25,32.54,5.47,22.46,29.52,17.46
2018-06-01,2018,6,Lira,2.25,32.54,2.52,22.25,28.81,16.39
2018-07-01,2018,7,Lira,2.25,32.54,0.8,23.1,30.95,15.94
2018-08-01,2018,8,Lira,2.25,32.54,3.09,23.52,32.36,16.81
2018-09-01,2018,9,Lira,2.25,32.54,4.39,24.95,35.6,16.8
2018-10-01,2018,10,Lira,2.25,32.54,2.07,24.18,32.71,17.46
2018-11-01,2018,11,Lira,2.25,32.54,1.77,25.23,35.01,17.01
2018-12-01,2018,12,Lira,2.25,32.54,1.22,25.99,36.02,16.97
2019-01-01,2019,1,Lira,2.25,32.54,0.26,27.82,38.43,17.45
2019-02-01,2019,2,Lira,2.25,32.54,1.03,28.81,38.97,18.97
2019-03-01,2019,3,Lira,2.25,32.54,0.29,29.1,39.98,19.7
2019-04-01,2019,4,Lira,2.25,32.54,3.36,26.93,38.22,18.97
2019-05-01,2019,5,Lira,2.25,32.54,3.61,24.48,32.29,18.77
2019-06-01,2019,6,Lira,2.25,32.54,6.7,22.2,28.19,17.67
2019-07-01,2019,7,Lira,2.25,32.54,3.94,22.22,29.35,17.38
2019-08-01,2019,8,Lira,2.25,32.54,6.5,22.52,30.12,16.81
2019-09-01,2019,9,Lira,2.25,32.54,6.68,22.87,30.53,17.61
2019-10-01,2019,10,Lira,2.25,32.54,9.36,22.44,28.57,16.63
2019-11-01,2019,11,Lira,2.25,32.54,2.17,22.82,29.62,17.37
2019-12-01,2019,12,Lira,2.25,32.54,3.6,22.53,31.14,16.0
2020-01-01,2020,1,Lira,2.25,32.54,1.06,23.87,32.95,15.24
2020-02-01,2020,2,Lira,2.25,32.54,0.93,26.03,36.29,17.44
2020-03-01,2020,3,Lira,2.25,32.54,7.25,24.5,34.39,17.3
2020-04-01,2020,4,Lira,2.25,32.54,6.08,23.81,32.02,17.59
2020-05-01,2020,5,Lira,2.25,32.54,4.02,22.66,28.67,17.15
2020-06-01,2020,6,Lira,2.25,32.54,3.36,21.88,27.99,16.62
2020-07-01,2020,7,Lira,2.25,32.54,5.29,21.08,27.67,15.35
2020-08-01,2020,8,Lira,2.25,32.54,5.37,22.04,28.66,16.26
2020-09-01,2020,9,Lira,2.25,32.54,8.98,22.63,29.42,17.42
2020-10-01,2020,10,Lira,2.25,32.54,6.85,22.31,28.83,17.15
2020-11-01,2020,11,Lira,2.25,32.54,2.07,22.71,30.1,16.2
2020-12-01,2020,12,Lira,2.25,32.54,3.58,22.81,32.47,13.91
2021-01-01,2021,1,Lira,2.25,32.54,4.14,22.67,32.31,14.41
2021-02-01,2021,2,Lira,2.25,32.54,0.4,24.72,34.18,15.21
2021-03-01,2021,3,Lira,2.25,32.54,0.29,26.88,36.59,18.51
2021-04-01,2021,4,Lira,2.25,32.54,3.27,24.37,34.41,18.28
2021-05-01,2021,5,Lira,2.25,32.54,5.82,23.23,30.65,16.72
2021-06-01,2021,6,Lira,2.25,32.54,1.3,23.76,32.38,17.04
2021-07-01,2021,7,Lira,2.25,32.54,0.97,23.87,32.55,17.37
2021-08-01,2021,8,Lira,2.25,32.54,1.23,25.02,34.19,18.28
2021-09-01,2021,9,Lira,2.25,32.54,4.27,23.4,31.9,17.19
2021-10-01,2021,10,Lira,2.25,32.54,4.28,24.76,35.23,17.98
2021-11-01,2021,11,Lira,2.25,32.54,2.77,25.52,34.77,18.02
2021-12-01,2021,12,Lira,2.25,32.54,2.14,25.63,35.11,15.55
2022-01-01,2022,1,Lira,2.25,32.54,1.83,25.76,36.72,15.73
2022-02-01,2022,2,Lira,2.25,32.54,0.27,27.4,36.15,19.02
2022-03-01,2022,3,Lira,2.25,32.54,1.91,27.97,38.72,17.92
2022-04-01,2022,4,Lira,2.25,32.54,3.61,25.7,36.54,18.42
2022-05-01,2022,5,Lira,2.25,32.54,3.1,24.69,33.69,18.11
2022-06-01,2022,6,Lira,2.25,32.54,2.79,23.58,33.24,16.42
2022-07-01,2022,7,Lira,2.25,32.54,2.85,23.91,31.99,17.29
2022-08-01,2022,8,Lira,2.25,32.54,5.46,22.16,30.72,16.45
2022-09-01,2022,9,Lira,2.25,32.54,7.91,22.69,30.33,17.04
2022-10-01,2022,10,Lira,2.25,32.54,3.96,23.55,32.04,17.43
2022-11-01,2022,11,Lira,2.25,32.54,1.78,24.12,32.42,17.83
2022-12-01,2022,12,Lira,2.25,32.54,1.09,25.35,34.78,17.85
2023-01-01,2023,1,Lira,2.25,32.54,0.26,26.61,36.15,17.04
2023-02-01,2023,2,Lira,2.25,32.54,0.36,28.28,38.54,18.53
2023-03-01,2023,3,Lira,2.25,32.54,5.77,25.65,39.0,18.0
2023-04-01,2023,4,Lira,2.25,32.54,5.71,24.49,34.71,18.1
2023-05-01,2023,5,Lira,2.25,32.54,3.43,24.03,31.14,17.92
2023-06-01,2023,6,Lira,2.25,32.54,4.4,23.23,32.15,17.52
2023-07-01,2023,7,Lira,2.25,32.54,2.7,23.47,32.09,15.98
2023-08-01,2023,8,Lira,2.25,32.54,2.21,25.06,36.18,18.2
2023-09-01,2023,9,Lira,2.25,32.54,4.89,24.37,33.92,18.53
2023-10-01,2023,10,Lira,2.25,32.54,6.47,24.23,32.92,18.21
2023-11-01,2023,11,Lira,2.25,32.54,6.13,23.66,30.99,16.72
2023-12-01,2023,12,Lira,2.25,32.54,1.03,25.06,34.77,15.59
2024-01-01,2024,1,Lira,2.25,32.54,1.9,25.69,36.11,17.94
2024-02-01,2024,2,Lira,2.25,32.54,2.48,27.07,36.74,19.32
2024-03-01,2024,3,Lira,2.25,32.54,1.88,27.85,38.65,19.65
2024-04-01,2024,4,Lira,2.25,32.54,3.51,25.18,34.82,18.47
2024-05-01,2024,5,Lira,2.25,32.54,2.88,25.47,33.8,18.79
2024-06-01,2024,6,Lira,2.25,32.54,5.58,23.32,31.32,17.11
2024-07-01,2024,7,Lira,2.25,32.54,4.52,23.24,32.2,17.77
2024-08-01,2024,8,Lira,2.25,32.54,4.76,23.16,31.19,17.49
2024-09-01,2024,9,Lira,2.25,32.54,6.22,23.64,30.72,17.43
2024-10-01,2024,10,Lira,2.25,32.54,6.96,23.51,31.02,17.76
2024-11-01,2024,11,Lira,2.25,32.54,3.29,23.36,31.72,16.07
2024-12-01,2024,12,Lira,2.25,32.54,0.55,24.76,34.07,15.03
2010-01-01,2010,1,Nebbi,2.48,31.1,0.31,28.4,39.01,18.66
2010-02-01,2010,2,Nebbi,2.48,31.1,2.19,27.46,39.37,20.89
2010-03-01,2010,3,Nebbi,2.48,31.1,2.75,27.05,37.85,18.74
2010-04-01,2010,4,Nebbi,2.48,31.1,2.59,26.39,35.33,20.39
2010-05-01,2010,5,Nebbi,2.48,31.1,4.72,24.63,31.41,19.63
2010-06-01,2010,6,Nebbi,2.48,31.1,2.33,24.63,33.07,19.22
2010-07-01,2010,7,Nebbi,2.48,31.1,2.13,24.79,33.25,18.7
2010-08-01,2010,8,Nebbi,2.48,31.1,2.48,24.9,34.0,18.64
2010-09-01,2010,9,Nebbi,2.48,31.1,3.67,24.47,32.42,17.22
2010-10-01,2010,10,Nebbi,2.48,31.1,3.72,24.44,32.73,17.81
2010-11-01,2010,11,Nebbi,2.48,31.1,6.17,24.92,32.06,19.8
2010-12-01,2010,12,Nebbi,2.48,31.1,0.86,25.32,34.23,17.67
2011-01-01,2011,1,Nebbi,2.48,31.1,0.21,27.75,37.74,19.17
2011-02-01,2011,2,Nebbi,2.48,31.1,0.38,28.88,39.16,18.46
2011-03-01,2011,3,Nebbi,2.48,31.1,2.32,27.8,38.72,20.28
2011-04-01,2011,4,Nebbi,2.48,31.1,1.5,27.16,36.5,20.22
2011-05-01,2011,5,Nebbi,2.48,31.1,3.36,25.26,34.38,18.92
2011-06-01,2011,6,Nebbi,2.48,31.1,3.04,24.57,33.21,18.49
2011-07-01,2011,7,Nebbi,2.48,31.1,1.79,25.12,33.26,19.13
2011-08-01,2011,8,Nebbi,2.48,31.1,6.33,23.64,32.43,17.03
2011-09-01,2011,9,Nebbi,2.48,31.1,4.32,22.87,29.46,17.98
2011-10-01,2011,10,Nebbi,2.48,31.1,7.76,23.25,29.37,17.73
2011-11-01,2011,11,Nebbi,2.48,31.1,6.16,22.77,28.72,16.72
2011-12-01,2011,12,Nebbi,2.48,31.1,1.1,24.43,33.53,16.96
2012-01-01,2012,1,Nebbi,2.48,31.1,0.01,26.55,37.84,17.5
2012-02-01,2012,2,Nebbi,2.48,31.1,0.25,28.59,38.81,17.25
2012-03-01,2012,3,Nebbi,2.48,31.1,0.89,29.01,38.64,18.18
2012-04-01,2012,4,Nebbi,2.48,31.1,2.94,25.8,35.11,19.59
2012-05-01,2012,5,Nebbi,2.48,31.1,3.34,24.46,32.72,18.29
2012-06-01,2012,6,Nebbi,2.48,31.1,1.72,24.53,32.68,18.2
2012-07-01,2012,7,Nebbi,2.48,31.1,4.21,23.31,31.2,17.5
2012-08-01,2012,8,Nebbi,2.48,31.1,5.03,22.71,29.24,17.76
2012-09-01,2012,9,Nebbi,2.48,31.1,7.38,22.73,28.78,17.66
2012-10-01,2012,10,Nebbi,2.48,31.1,7.47,23.4,29.78,18.61
2012-11-01,2012,11,Nebbi,2.48,31.1,4.17,22.98,29.48,18.21
2012-12-01,2012,12,Nebbi,2.48,31.1,3.5,23.6,30.66,17.84
2013-01-01,2013,1,Nebbi,2.48,31.1,0.43,26.16,35.76,17.97
2013-02-01,2013,2,Nebbi,2.48,31.1,0.53,28.6,38.83,17.91
2013-03-01,2013,3,Nebbi,2.48,31.1,2.55,27.6,38.71,19.98
2013-04-01,2013,4,Nebbi,2.48,31.1,4.72,24.85,33.03,19.5
2013-05-01,2013,5,Nebbi,2.48,31.1,6.43,23.76,30.48,18.75
2013-06-01,2013,6,Nebbi,2.48,31.1,2.6,23.93,31.12,18.24
2013-07-01,2013,7,Nebbi,2.48,31.1,3.91,23.15,29.37,17.24
2013-08-01,2013,8,Nebbi,2.48,31.1,3.94,23.05,31.0,17.46
2013-09-01,2013,9,Nebbi,2.48,31.1,6.55,23.25,29.63,17.95
2013-10-01,2013,10,Nebbi,2.48,31.1,4.73,22.85,29.01,17.21
2013-11-01,2013,11,Nebbi,2.48,31.1,4.06,23.16,30.51,17.07
2013-12-01,2013,12,Nebbi,2.48,31.1,1.71,24.48,34.34,15.23
2014-01-01,2014,1,Nebbi,2.48,31.1,0.75,27.57,37.74,19.49
2014-02-01,2014,2,Nebbi,2.48,31.1,0.56,28.2,38.08,17.95
2014-03-01,2014,3,Nebbi,2.48,31.1,3.12,27.66,38.44,19.18
2014-04-01,2014,4,Nebbi,2.48,31.1,3.29,25.4,34.38,20.05
2014-05-01,2014,5,Nebbi,2.48,31.1,7.49,23.58,30.7,19.33
2014-06-01,2014,6,Nebbi,2.48,31.1,4.07,23.53,29.4,18.43
2014-07-01,2014,7,Nebbi,2.48,31.1,3.78,23.39,31.0,18.24
2014-08-01,2014,8,Nebbi,2.48,31.1,3.75,22.86,29.66,17.79
2014-09-01,2014,9,Nebbi,2.48,31.1,9.62,22.73,29.35,18.02
2014-10-01,2014,10,Nebbi,2.48,31.1,9.72,22.59,28.26,18.09
2014-11-01,2014,11,Nebbi,2.48,31.1,3.7,22.53,28.39,16.36
2014-12-01,2014,12,Nebbi,2.48,31.1,2.62,23.3,30.11,16.02
2015-01-01,2015,1,Nebbi,2.48,31.1,0.11,24.37,36.15,14.94
2015-02-01,2015,2,Nebbi,2.48,31.1,0.74,28.62,37.83,21.14
2015-03-01,2015,3,Nebbi,2.48,31.1,3.46,28.35,39.66,18.58
2015-04-01,2015,4,Nebbi,2.48,31.1,3.99,24.2,32.74,19.22
2015-05-01,2015,5,Nebbi,2.48,31.1,4.33,23.89,29.84,18.28
2015-06-01,2015,6,Nebbi,2.48,31.1,5.19,23.74,30.39,18.39
2015-07-01,2015,7,Nebbi,2.48,31.1,2.06,23.94,31.02,17.7
2015-08-01,2015,8,Nebbi,2.48,31.1,3.5,24.77,32.78,18.79
2015-09-01,2015,9,Nebbi,2.48,31.1,2.69,24.86,33.45,18.65
2015-10-01,2015,10,Nebbi,2.48,31.1,14.2,23.63,33.39,18.14
2015-11-01,2015,11,Nebbi,2.48,31.1,11.43,22.68,27.86,18.18
2015-12-01,2015,12,Nebbi,2.48,31.1,3.51,22.24,29.42,14.63
2016-01-01,2016,1,Nebbi,2.48,31.1,0.48,24.08,32.1,14.46
2016-02-01,2016,2,Nebbi,2.48,31.1,0.14,28.07,37.83,18.62
2016-03-01,2016,3,Nebbi,2.48,31.1,2.39,29.17,39.52,21.38
2016-04-01,2016,4,Nebbi,2.48,31.1,6.09,25.12,33.46,19.91
2016-05-01,2016,5,Nebbi,2.48,31.1,4.48,23.7,29.69,18.93
2016-06-01,2016,6,Nebbi,2.48,31.1,3.5,23.98,31.44,17.76
2016-07-01,2016,7,Nebbi,2.48,31.1,2.79,24.12,31.97,18.9
2016-08-01,2016,8,Nebbi,2.48,31.1,3.76,24.52,32.27,18.58
2016-09-01,2016,9,Nebbi,2.48,31.1,6.06,23.84,33.13,18.66
2016-10-01,2016,10,Nebbi,2.48,31.1,5.95,23.03,29.63,18.56
2016-11-01,2016,11,Nebbi,2.48,31.1,3.78,23.82,31.55,18.51
2016-12-01,2016,12,Nebbi,2.48,31.1,0.64,26.52,35.75,16.74
2017-01-01,2017,1,Nebbi,2.48,31.1,0.26,27.81,37.94,17.26
2017-02-01,2017,2,Nebbi,2.48,31.1,2.22,28.48,38.86,20.27
2017-03-01,2017,3,Nebbi,2.48,31.1,5.16,26.44,37.43,19.05
2017-04-01,2017,4,Nebbi,2.48,31.1,6.08,25.49,34.45,19.75
2017-05-01,2017,5,Nebbi,2.48,31.1,4.31,23.84,29.54,18.8
2017-06-01,2017,6,Nebbi,2.48,31.1,3.14,23.89,30.58,18.74
2017-07-01,2017,7,Nebbi,2.48,31.1,7.92,22.71,29.8,17.86
2017-08-01,2017,8,Nebbi,2.48,31.1,9.11,22.94,28.73,18.13
2017-09-01,2017,9,Nebbi,2.48,31.1,5.06,22.71,28.62,17.44
2017-10-01,2017,10,Nebbi,2.48,31.1,5.73,23.39,29.63,18.62
2017-11-01,2017,11,Nebbi,2.48,31.1,3.89,22.86,29.71,16.28
2017-12-01,2017,12,Nebbi,2.48,31.1,0.08,25.24,34.77,15.66
2018-01-01,2018,1,Nebbi,2.48,31.1,0.02,26.48,36.04,17.65
2018-02-01,2018,2,Nebbi,2.48,31.1,1.48,28.68,38.63,19.27
2018-03-01,2018,3,Nebbi,2.48,31.1,8.29,25.05,34.64,19.11
2018-04-01,2018,4,Nebbi,2.48,31.1,11.82,23.38,31.15,18.53
2018-05-01,2018,5,Nebbi,2.48,31.1,5.45,23.37,28.87,18.31
2018-06-01,2018,6,Nebbi,2.48,31.1,2.27,22.89,29.78,16.87
2018-07-01,2018,7,Nebbi,2.48,31.1,1.3,24.03,31.92,16.23
2018-08-01,2018,8,Nebbi,2.48,31.1,5.85,24.21,32.76,18.17
2018-09-01,2018,9,Nebbi,2.48,31.1,8.82,24.32,31.98,19.21
2018-10-01,2018,10,Nebbi,2.48,31.1,3.88,23.38,29.97,17.71
2018-11-01,2018,11,Nebbi,2.48,31.1,2.1,24.14,33.17,18.1
2018-12-01,2018,12,Nebbi,2.48,31.1,1.88,25.91,35.64,19.08
2019-01-01,2019,1,Nebbi,2.48,31.1,0.42,27.96,38.21,18.64
2019-02-01,2019,2,Nebbi,2.48,31.1,1.51,29.29,38.86,19.96
2019-03-01,2019,3,Nebbi,2.48,31.1,0.41,30.03,39.92,20.15
2019-04-01,2019,4,Nebbi,2.48,31.1,3.79,27.39,38.23,20.54
2019-05-01,2019,5,Nebbi,2.48,31.1,3.84,24.99,34.0,19.2
2019-06-01,2019,6,Nebbi,2.48,31.1,9.37,23.33,29.32,18.12
2019-07-01,2019,7,Nebbi,2.48,31.1,5.39,22.9,28.9,18.14
2019-08-01,2019,8,Nebbi,2.48,31.1,5.42,22.89,28.28,17.95
2019-09-01,2019,9,Nebbi,2.48,31.1,3.71,23.63,30.26,17.27
2019-10-01,2019,10,Nebbi,2.48,31.1,8.91,22.67,28.16,18.14
2019-11-01,2019,11,Nebbi,2.48,31.1,3.14,22.81,28.32,17.98
2019-12-01,2019,12,Nebbi,2.48,31.1,2.99,22.81,30.91,16.88
2020-01-01,2020,1,Nebbi,2.48,31.1,0.68,24.93,33.62,16.65
2020-02-01,2020,2,Nebbi,2.48,31.1,0.85,27.82,37.43,19.25
2020-03-01,2020,3,Nebbi,2.48,31.1,6.48,25.88,36.69,19.95
2020-04-01,2020,4,Nebbi,2.48,31.1,5.92,24.66,31.82,19.81
2020-05-01,2020,5,Nebbi,2.48,31.1,4.32,23.45,28.94,18.17
2020-06-01,2020,6,Nebbi,2.48,31.1,4.04,23.16,29.2,18.33
2020-07-01,2020,7,Nebbi,2.48,31.1,5.7,22.5,29.4,16.58
2020-08-01,2020,8,Nebbi,2.48,31.1,4.92,23.21,29.94,17.52
2020-09-01,2020,9,Nebbi,2.48,31.1,9.85,23.47,29.46,18.46
2020-10-01,2020,10,Nebbi,2.48,31.1,8.23,22.78,28.07,17.95
2020-11-01,2020,11,Nebbi,2.48,31.1,3.54,22.89,28.88,17.31
2020-12-01,2020,12,Nebbi,2.48,31.1,5.57,23.25,31.05,16.22
2021-01-01,2021,1,Nebbi,2.48,31.1,2.86,24.02,33.48,16.38
2021-02-01,2021,2,Nebbi,2.48,31.1,0.17,26.29,36.27,17.48
2021-03-01,2021,3,Nebbi,2.48,31.1,0.65,28.22,38.07,21.26
2021-04-01,2021,4,Nebbi,2.48,31.1,3.88,25.35,35.14,19.88
2021-05-01,2021,5,Nebbi,2.48,31.1,4.86,24.16,32.51,18.2
2021-06-01,2021,6,Nebbi,2.48,31.1,1.32,24.67,33.32,19.08
2021-07-01,2021,7,Nebbi,2.48,31.1,1.11,24.71,33.68,18.26
2021-08-01,2021,8,Nebbi,2.48,31.1,1.45,25.62,34.5,19.12
2021-09-01,2021,9,Nebbi,2.48,31.1,3.74,24.19,32.74,18.76
2021-10-01,2021,10,Nebbi,2.48,31.1,4.42,25.1,34.37,18.55
2021-11-01,2021,11,Nebbi,2.48,31.1,5.92,24.57,32.79,19.13
2021-12-01,2021,12,Nebbi,2.48,31.1,5.1,25.11,33.46,15.27
2022-01-01,2022,1,Nebbi,2.48,31.1,1.33,26.02,36.37,16.58
2022-02-01,2022,2,Nebbi,2.48,31.1,0.37,27.76,36.66,17.37
2022-03-01,2022,3,Nebbi,2.48,31.1,4.02,28.87,39.42,20.63
2022-04-01,2022,4,Nebbi,2.48,31.1,3.18,26.04,35.98,20.08
2022-05-01,2022,5,Nebbi,2.48,31.1,3.44,24.83,33.29,18.18
2022-06-01,2022,6,Nebbi,2.48,31.1,2.24,24.48,32.21,17.98
2022-07-01,2022,7,Nebbi,2.48,31.1,2.43,25.0,33.1,17.98
2022-08-01,2022,8,Nebbi,2.48,31.1,4.63,23.43,32.12,18.24
2022-09-01,2022,9,Nebbi,2.48,31.1,9.71,23.26,28.94,18.05
2022-10-01,2022,10,Nebbi,2.48,31.1,4.93,23.33,29.69,18.45
2022-11-01,2022,11,Nebbi,2.48,31.1,5.23,23.27,29.81,18.53
2022-12-01,2022,12,Nebbi,2.48,31.1,2.28,24.14,33.6,17.7
2023-01-01,2023,1,Nebbi,2.48,31.1,0.28,26.93,36.21,18.35
2023-02-01,2023,2,Nebbi,2.48,31.1,0.56,28.94,39.05,19.66
2023-03-01,2023,3,Nebbi,2.48,31.1,6.12,25.81,39.52,18.22
2023-04-01,2023,4,Nebbi,2.48,31.1,4.67,25.08,33.96,19.56
2023-05-01,2023,5,Nebbi,2.48,31.1,4.46,24.69,31.36,19.18
2023-06-01,2023,6,Nebbi,2.48,31.1,3.42,24.45,31.89,19.07
2023-07-01,2023,7,Nebbi,2.48,31.1,2.56,24.9,32.82,18.5
2023-08-01,2023,8,Nebbi,2.48,31.1,2.72,25.89,35.45,19.11
2023-09-01,2023,9,Nebbi,2.48,31.1,4.88,25.27,34.23,19.37
2023-10-01,2023,10,Nebbi,2.48,31.1,7.41,23.91,30.57,19.35
2023-11-01,2023,11,Nebbi,2.48,31.1,10.02,23.63,28.99,17.84
2023-12-01,2023,12,Nebbi,2.48,31.1,0.91,24.0,31.69,17.31
2024-01-01,2024,1,Nebbi,2.48,31.1,0.31,25.88,34.39,17.23
2024-02-01,2024,2,Nebbi,2.48,31.1,1.59,28.0,37.68,20.84
2024-03-01,2024,3,Nebbi,2.48,31.1,1.85,29.1,39.12,20.74
2024-04-01,2024,4,Nebbi,2.48,31.1,2.63,26.52,35.14,20.84
2024-05-01,2024,5,Nebbi,2.48,31.1,2.66,26.73,34.9,21.08
2024-06-01,2024,6,Nebbi,2.48,31.1,5.4,24.72,32.26,17.91
2024-07-01,2024,7,Nebbi,2.48,31.1,5.81,24.16,33.97,18.04
2024-08-01,2024,8,Nebbi,2.48,31.1,10.18,23.47,29.19,18.57
2024-09-01,2024,9,Nebbi,2.48,31.1,5.88,23.71,28.86,19.16
2024-10-01,2024,10,Nebbi,2.48,31.1,7.53,23.66,29.0,18.47
2024-11-01,2024,11,Nebbi,2.48,31.1,4.03,22.97,29.59,16.57
2024-12-01,2024,12,Nebbi,2.48,31.1,2.11,24.41,33.02,16.62
2010-01-01,2010,1,Oyam,2.23,32.39,0.95,26.41,36.79,17.07
2010-02-01,2010,2,Oyam,2.23,32.39,2.76,26.6,37.92,19.57
2010-03-01,2010,3,Oyam,2.23,32.39,2.96,25.73,36.41,19.27
2010-04-01,2010,4,Oyam,2.23,32.39,4.41,24.88,33.72,19.14
2010-05-01,2010,5,Oyam,2.23,32.39,4.19,23.42,29.1,19.05
2010-06-01,2010,6,Oyam,2.23,32.39,1.57,24.01,31.72,18.37
2010-07-01,2010,7,Oyam,2.23,32.39,1.67,24.02,32.04,17.7
2010-08-01,2010,8,Oyam,2.23,32.39,3.12,23.65,32.41,16.78
2010-09-01,2010,9,Oyam,2.23,32.39,3.73,23.79,32.25,17.01
2010-10-01,2010,10,Oyam,2.23,32.39,4.06,24.06,33.27,18.49
2010-11-01,2010,11,Oyam,2.23,32.39,3.95,24.9,32.78,17.31
2010-12-01,2010,12,Oyam,2.23,32.39,1.25,25.24,34.34,16.35
2011-01-01,2011,1,Oyam,2.23,32.39,0.36,27.11,36.24,18.6
2011-02-01,2011,2,Oyam,2.23,32.39,0.39,27.6,37.33,17.1
2011-03-01,2011,3,Oyam,2.23,32.39,2.78,26.44,37.14,19.47
2011-04-01,2011,4,Oyam,2.23,32.39,1.71,26.16,36.31,19.02
2011-05-01,2011,5,Oyam,2.23,32.39,3.67,23.89,31.45,18.29
2011-06-01,2011,6,Oyam,2.23,32.39,3.54,23.3,30.66,17.44
2011-07-01,2011,7,Oyam,2.23,32.39,1.8,24.24,32.32,17.55
2011-08-01,2011,8,Oyam,2.23,32.39,5.57,22.88,30.32,17.15
2011-09-01,2011,9,Oyam,2.23,32.39,3.34,22.95,32.14,16.93
2011-10-01,2011,10,Oyam,2.23,32.39,5.55,23.3,31.0,17.81
2011-11-01,2011,11,Oyam,2.23,32.39,5.5,22.77,30.23,17.49
2011-12-01,2011,12,Oyam,2.23,32.39,0.69,24.84,34.44,16.42
2012-01-01,2012,1,Oyam,2.23,32.39,0.02,26.43,36.11,15.87
2012-02-01,2012,2,Oyam,2.23,32.39,0.41,27.09,36.62,16.09
2012-03-01,2012,3,Oyam,2.23,32.39,0.88,27.8,37.91,18.31
2012-04-01,2012,4,Oyam,2.23,32.39,4.59,24.29,34.25,18.64
2012-05-01,2012,5,Oyam,2.23,32.39,3.64,23.24,31.06,17.96
2012-06-01,2012,6,Oyam,2.23,32.39,2.3,23.13,31.82,17.07
2012-07-01,2012,7,Oyam,2.23,32.39,3.18,23.06,29.93,16.78
2012-08-01,2012,8,Oyam,2.23,32.39,4.08,22.32,28.21,16.37
2012-09-01,2012,9,Oyam,2.23,32.39,5.13,22.82,29.63,17.16
2012-10-01,2012,10,Oyam,2.23,32.39,4.02,24.27,32.77,17.47
2012-11-01,2012,11,Oyam,2.23,32.39,3.84,23.34,32.31,17.17
2012-12-01,2012,12,Oyam,2.23,32.39,3.24,24.28,32.72,17.36
2013-01-01,2013,1,Oyam,2.23,32.39,0.7,26.01,35.95,17.63
2013-02-01,2013,2,Oyam,2.23,32.39,0.26,27.62,37.31,17.81
2013-03-01,2013,3,Oyam,2.23,32.39,2.24,26.79,37.6,19.23
2013-04-01,2013,4,Oyam,2.23,32.39,4.14,23.85,30.62,18.59
2013-05-01,2013,5,Oyam,2.23,32.39,4.47,23.52,31.97,17.72
2013-06-01,2013,6,Oyam,2.23,32.39,1.33,23.49,31.66,17.09
2013-07-01,2013,7,Oyam,2.23,32.39,2.04,23.36,30.84,16.45
2013-08-01,2013,8,Oyam,2.23,32.39,3.27,23.0,31.07,17.89
2013-09-01,2013,9,Oyam,2.23,32.39,5.45,23.15,31.94,17.07
2013-10-01,2013,10,Oyam,2.23,32.39,3.4,23.48,32.26,17.01
2013-11-01,2013,11,Oyam,2.23,32.39,3.28,23.64,31.85,16.63
2013-12-01,2013,12,Oyam,2.23,32.39,1.65,25.17,34.36,15.64
2014-01-01,2014,1,Oyam,2.23,32.39,0.47,27.4,36.62,18.92
2014-02-01,2014,2,Oyam,2.23,32.39,0.42,27.32,36.47,17.46
2014-03-01,2014,3,Oyam,2.23,32.39,1.4,27.18,37.57,19.3
2014-04-01,2014,4,Oyam,2.23,32.39,1.3,25.74,34.66,19.07
2014-05-01,2014,5,Oyam,2.23,32.39,5.55,23.59,30.83,18.82
2014-06-01,2014,6,Oyam,2.23,32.39,2.88,23.55,30.82,18.08
2014-07-01,2014,7,Oyam,2.23,32.39,2.5,23.61,32.7,18.15
2014-08-01,2014,8,Oyam,2.23,32.39,2.9,22.9,30.23,17.48
2014-09-01,2014,9,Oyam,2.23,32.39,5.2,23.17,31.7,17.62
2014-10-01,2014,10,Oyam,2.23,32.39,7.63,22.74,29.98,17.78
2014-11-01,2014,11,Oyam,2.23,32.39,2.34,23.24,31.45,16.6
2014-12-01,2014,12,Oyam,2.23,32.39,1.65,24.85,33.36,16.11
2015-01-01,2015,1,Oyam,2.23,32.39,0.21,24.83,35.59,14.47
2015-02-01,2015,2,Oyam,2.23,32.39,0.55,27.92,36.78,18.32
2015-03-01,2015,3,Oyam,2.23,32.39,1.79,27.61,37.69,18.41
2015-04-01,2015,4,Oyam,2.23,32.39,4.22,23.32,32.3,18.24
2015-05-01,2015,5,Oyam,2.23,32.39,3.99,23.33,29.62,18.95
2015-06-01,2015,6,Oyam,2.23,32.39,2.62,23.51,30.46,17.42
2015-07-01,2015,7,Oyam,2.23,32.39,1.53,24.18,32.22,17.73
2015-08-01,2015,8,Oyam,2.23,32.39,2.64,24.74,33.11,18.29
2015-09-01,2015,9,Oyam,2.23,32.39,2.72,25.0,33.89,18.67
2015-10-01,2015,10,Oyam,2.23,32.39,6.48,24.34,34.06,19.06
2015-11-01,2015,11,Oyam,2.23,32.39,6.14,22.81,30.05,17.45
2015-12-01,2015,12,Oyam,2.23,32.39,2.96,23.46,32.46,15.22
2016-01-01,2016,1,Oyam,2.23,32.39,0.72,25.52,34.7,15.72
2016-02-01,2016,2,Oyam,2.23,32.39,0.17,28.01,36.94,18.66
2016-03-01,2016,3,Oyam,2.23,32.39,1.95,28.45,37.85,19.88
2016-04-01,2016,4,Oyam,2.23,32.39,5.65,24.17,31.37,19.2
2016-05-01,2016,5,Oyam,2.23,32.39,2.94,23.49,31.31,18.18
2016-06-01,2016,6,Oyam,2.23,32.39,2.84,23.36,32.91,15.71
2016-07-01,2016,7,Oyam,2.23,32.39,1.3,23.5,31.41,17.65
2016-08-01,2016,8,Oyam,2.23,32.39,2.16,24.5,32.4,17.85
2016-09-01,2016,9,Oyam,2.23,32.39,5.68,23.92,33.5,17.76
2016-10-01,2016,10,Oyam,2.23,32.39,2.99,23.91,31.86,17.83
2016-11-01,2016,11,Oyam,2.23,32.39,1.33,24.91,33.86,18.13
2016-12-01,2016,12,Oyam,2.23,32.39,0.32,26.95,35.13,18.14
2017-01-01,2017,1,Oyam,2.23,32.39,0.8,27.05,36.69,16.85
2017-02-01,2017,2,Oyam,2.23,32.39,2.33,27.27,37.2,19.0
2017-03-01,2017,3,Oyam,2.23,32.39,2.66,26.34,37.22,18.47
2017-04-01,2017,4,Oyam,2.23,32.39,3.02,25.65,36.37,18.63
2017-05-01,2017,5,Oyam,2.23,32.39,4.74,23.43,30.21,18.47
2017-06-01,2017,6,Oyam,2.23,32.39,3.26,23.79,31.26,17.86
2017-07-01,2017,7,Oyam,2.23,32.39,4.66,22.58,30.02,16.94
2017-08-01,2017,8,Oyam,2.23,32.39,4.02,22.91,29.95,17.43
2017-09-01,2017,9,Oyam,2.23,32.39,4.04,22.88,29.53,16.73
2017-10-01,2017,10,Oyam,2.23,32.39,3.15,24.01,32.99,16.79
2017-11-01,2017,11,Oyam,2.23,32.39,2.0,24.16,33.04,16.44
2017-12-01,2017,12,Oyam,2.23,32.39,0.02,26.68,35.33,16.84
2018-01-01,2018,1,Oyam,2.23,32.39,0.2,26.51,35.61,16.89
2018-02-01,2018,2,Oyam,2.23,32.39,0.97,28.22,36.76,18.83
2018-03-01,2018,3,Oyam,2.23,32.39,2.53,24.89,34.11,19.14
2018-04-01,2018,4,Oyam,2.23,32.39,7.07,22.96,32.8,18.31
2018-05-01,2018,5,Oyam,2.23,32.39,3.8,22.88,29.91,17.74
2018-06-01,2018,6,Oyam,2.23,32.39,2.24,22.8,30.24,17.09
2018-07-01,2018,7,Oyam,2.23,32.39,0.9,23.23,30.84,16.4
2018-08-01,2018,8,Oyam,2.23,32.39,2.83,23.84,32.63,17.3
2018-09-01,2018,9,Oyam,2.23,32.39,2.44,25.33,34.83,18.63
2018-10-01,2018,10,Oyam,2.23,32.39,2.12,24.41,33.8,17.94
2018-11-01,2018,11,Oyam,2.23,32.39,1.77,24.99,34.71,17.7
2018-12-01,2018,12,Oyam,2.23,32.39,1.56,26.06,34.96,17.87
2019-01-01,2019,1,Oyam,2.23,32.39,0.44,27.53,37.09,17.79
2019-02-01,2019,2,Oyam,2.23,32.39,1.76,28.46,37.62,18.75
2019-03-01,2019,3,Oyam,2.23,32.39,0.53,28.57,38.56,19.92
2019-04-01,2019,4,Oyam,2.23,32.39,3.63,26.28,36.36,19.85
2019-05-01,2019,5,Oyam,2.23,32.39,3.32,24.27,31.87,18.94
2019-06-01,2019,6,Oyam,2.23,32.39,5.93,22.66,28.8,18.21
2019-07-01,2019,7,Oyam,2.23,32.39,2.96,22.77,29.19,17.65
2019-08-01,2019,8,Oyam,2.23,32.39,5.01,23.15,30.16,17.59
2019-09-01,2019,9,Oyam,2.23,32.39,4.76,23.47,30.89,17.61
2019-10-01,2019,10,Oyam,2.23,32.39,9.17,22.62,28.05,17.93
2019-11-01,2019,11,Oyam,2.23,32.39,2.3,23.22,30.06,17.71
2019-12-01,2019,12,Oyam,2.23,32.39,3.11,23.05,31.29,16.81
2020-01-01,2020,1,Oyam,2.23,32.39,1.34,24.47,33.15,16.99
2020-02-01,2020,2,Oyam,2.23,32.39,1.13,26.27,35.93,17.9
2020-03-01,2020,3,Oyam,2.23,32.39,7.81,24.52,33.02,17.8
2020-04-01,2020,4,Oyam,2.23,32.39,5.17,23.97,31.49,18.49
2020-05-01,2020,5,Oyam,2.23,32.39,3.28,22.64,28.55,17.26
2020-06-01,2020,6,Oyam,2.23,32.39,2.93,22.04,27.78,17.1
2020-07-01,2020,7,Oyam,2.23,32.39,3.59,21.4,27.92,15.56
2020-08-01,2020,8,Oyam,2.23,32.39,3.63,22.76,28.99,17.23
2020-09-01,2020,9,Oyam,2.23,32.39,7.42,23.36,29.44,18.34
2020-10-01,2020,10,Oyam,2.23,32.39,4.97,22.63,28.55,17.96
2020-11-01,2020,11,Oyam,2.23,32.39,1.9,23.67,31.61,17.07
2020-12-01,2020,12,Oyam,2.23,32.39,1.45,24.4,33.29,15.27
2021-01-01,2021,1,Oyam,2.23,32.39,2.45,23.81,33.06,15.8
2021-02-01,2021,2,Oyam,2.23,32.39,0.69,25.55,34.26,16.62
2021-03-01,2021,3,Oyam,2.23,32.39,0.5,27.27,36.16,19.95
2021-04-01,2021,4,Oyam,2.23,32.39,3.94,24.08,33.06,18.61
2021-05-01,2021,5,Oyam,2.23,32.39,2.93,23.55,31.68,18.25
2021-06-01,2021,6,Oyam,2.23,32.39,0.9,23.89,32.33,18.12
2021-07-01,2021,7,Oyam,2.23,32.39,0.44,24.14,32.35,17.51
2021-08-01,2021,8,Oyam,2.23,32.39,0.86,25.2,34.97,18.14
2021-09-01,2021,9,Oyam,2.23,32.39,2.81,23.82,31.97,18.45
2021-10-01,2021,10,Oyam,2.23,32.39,3.25,25.43,35.2,18.39
2021-11-01,2021,11,Oyam,2.23,32.39,2.57,25.84,34.46,19.3
2021-12-01,2021,12,Oyam,2.23,32.39,0.96,26.35,34.57,17.31
2022-01-01,2022,1,Oyam,2.23,32.39,1.04,26.29,36.14,16.66
2022-02-01,2022,2,Oyam,2.23,32.39,0.48,27.4,35.96,19.95
2022-03-01,2022,3,Oyam,2.23,32.39,1.86,27.83,37.39,18.6
2022-04-01,2022,4,Oyam,2.23,32.39,3.74,25.55,35.93,18.9
2022-05-01,2022,5,Oyam,2.23,32.39,2.95,24.53,33.01,17.95
2022-06-01,2022,6,Oyam,2.23,32.39,1.85,23.55,32.26,17.29
2022-07-01,2022,7,Oyam,2.23,32.39,2.02,23.94,31.94,16.9
2022-08-01,2022,8,Oyam,2.23,32.39,4.59,22.76,31.06,17.54
2022-09-01,2022,9,Oyam,2.23,32.39,6.16,23.28,30.83,18.17
2022-10-01,2022,10,Oyam,2.23,32.39,3.43,23.98,32.96,17.91
2022-11-01,2022,11,Oyam,2.23,32.39,1.71,24.83,32.66,18.94
2022-12-01,2022,12,Oyam,2.23,32.39,1.2,25.64,34.01,18.39
2023-01-01,2023,1,Oyam,2.23,32.39,0.47,26.8,35.44,17.8
2023-02-01,2023,2,Oyam,2.23,32.39,0.56,28.39,37.38,19.21
2023-03-01,2023,3,Oyam,2.23,32.39,5.08,25.43,37.34,18.81
2023-04-01,2023,4,Oyam,2.23,32.39,4.53,24.47,33.68,18.67
2023-05-01,2023,5,Oyam,2.23,32.39,2.78,24.34,31.66,18.48
2023-06-01,2023,6,Oyam,2.23,32.39,4.07,23.46,31.79,17.79
2023-07-01,2023,7,Oyam,2.23,32.39,1.93,23.67,32.35,16.66
2023-08-01,2023,8,Oyam,2.23,32.39,1.97,25.27,35.66,18.44
2023-09-01,2023,9,Oyam,2.23,32.39,4.31,24.55,33.57,18.97
2023-10-01,2023,10,Oyam,2.23,32.39,6.01,24.26,33.32,18.57
2023-11-01,2023,11,Oyam,2.23,32.39,4.2,24.17,31.08,17.66
2023-12-01,2023,12,Oyam,2.23,32.39,1.07,25.75,34.96,16.87
2024-01-01,2024,1,Oyam,2.23,32.39,1.82,25.86,35.61,18.65
2024-02-01,2024,2,Oyam,2.23,32.39,1.83,27.42,36.54,20.64
2024-03-01,2024,3,Oyam,2.23,32.39,1.75,27.84,37.82,20.5
2024-04-01,2024,4,Oyam,2.23,32.39,3.61,24.88,33.33,18.89
2024-05-01,2024,5,Oyam,2.23,32.39,2.57,25.34,33.34,19.39
2024-06-01,2024,6,Oyam,2.23,32.39,4.07,23.55,30.96,17.59
2024-07-01,2024,7,Oyam,2.23,32.39,3.35,23.82,32.43,18.55
2024-08-01,2024,8,Oyam,2.23,32.39,4.58,23.91,30.87,18.35
2024-09-01,2024,9,Oyam,2.23,32.39,4.24,24.37,31.07,18.78
2024-10-01,2024,10,Oyam,2.23,32.39,5.69,23.92,30.77,18.36
2024-11-01,2024,11,Oyam,2.23,32.39,3.35,23.77,31.85,16.64
2024-12-01,2024,12,Oyam,2.23,32.39,0.47,25.5,34.34,16.0
